2024-10-01 19:58:12,351 [Worker-4: Loading available Gradle versions] INFO  o.e.b.c.i.u.g.PublishedGradleVersions - Gradle version information cache is up-to-date. Trying to read.
2024-10-01 19:58:47,112 [Worker-7: Importing Maven projects] INFO  o.e.m.c.i.l.LifecycleMappingFactory - Using org.eclipse.m2e.jdt.JarLifecycleMapping lifecycle mapping for MavenProject: com.ibm:dcobankpro:0.0.1-SNAPSHOT @ C:\Users\priya\Downloads\dcobankpro\dcobankpro\pom.xml.
2024-10-01 19:58:50,126 [Worker-7: Importing Maven projects] INFO  o.e.m.j.i.AbstractJavaProjectConfigurator - Adding source folder /dcobankpro/src/main/java
2024-10-01 19:58:50,132 [Worker-7: Importing Maven projects] INFO  o.e.m.j.i.AbstractJavaProjectConfigurator - Adding resource folder /dcobankpro/src/main/resources
2024-10-01 19:58:50,168 [Worker-7: Importing Maven projects] INFO  o.e.m.j.i.AbstractJavaProjectConfigurator - Adding resource folder /dcobankpro/src/main/resources
2024-10-01 19:58:50,170 [Worker-7: Importing Maven projects] INFO  o.e.m.j.i.AbstractJavaProjectConfigurator - Adding source folder /dcobankpro/src/test/java
2024-10-01 19:58:50,173 [Worker-7: Importing Maven projects] INFO  o.e.m.j.i.AbstractJavaProjectConfigurator - Adding resource folder /dcobankpro/src/test/resources
2024-10-01 19:58:50,176 [Worker-7: Importing Maven projects] ERROR o.e.m.j.i.AbstractJavaProjectConfigurator - Failed to find a compatible VM for environment id 'JavaSE-17', falling back to workspace default
2024-10-01 19:58:51,174 [Worker-7: Importing Maven projects] INFO  o.e.m.c.i.p.ProjectConfigurationManager - Imported and configured 1 project(s) in 7 sec
2024-10-01 19:58:51,696 [Worker-13: Updating Maven Project] INFO  o.e.m.c.i.p.ProjectConfigurationManager - Update started
2024-10-01 19:58:53,211 [Worker-13: Updating Maven Project] INFO  o.e.m.c.i.l.LifecycleMappingFactory - Using org.eclipse.m2e.jdt.JarLifecycleMapping lifecycle mapping for MavenProject: com.ibm:dcobankpro:0.0.1-SNAPSHOT @ C:\Users\priya\Downloads\dcobankpro\dcobankpro\pom.xml.
2024-10-01 19:58:55,193 [Worker-13: Updating Maven Project] INFO  o.e.m.j.i.AbstractJavaProjectConfigurator - Adding source folder /dcobankpro/src/main/java
2024-10-01 19:58:55,194 [Worker-13: Updating Maven Project] INFO  o.e.m.j.i.AbstractJavaProjectConfigurator - Adding resource folder /dcobankpro/src/main/resources
2024-10-01 19:58:55,197 [Worker-13: Updating Maven Project] INFO  o.e.m.j.i.AbstractJavaProjectConfigurator - Adding resource folder /dcobankpro/src/main/resources
2024-10-01 19:58:55,199 [Worker-13: Updating Maven Project] INFO  o.e.m.j.i.AbstractJavaProjectConfigurator - Adding source folder /dcobankpro/src/test/java
2024-10-01 19:58:55,201 [Worker-13: Updating Maven Project] INFO  o.e.m.j.i.AbstractJavaProjectConfigurator - Adding resource folder /dcobankpro/src/test/resources
2024-10-01 19:58:55,201 [Worker-13: Updating Maven Project] ERROR o.e.m.j.i.AbstractJavaProjectConfigurator - Failed to find a compatible VM for environment id 'JavaSE-17', falling back to workspace default
2024-10-01 19:58:56,819 [Worker-13: Updating Maven Project] INFO  o.e.m.c.i.p.ProjectConfigurationManager - Update completed for 1 poms: local refresh takes 0.00 sec, refresh facades takes 3.00 sec, update config takes 0.00 sec 
2024-10-01 19:58:57,811 [Worker-3: Building] INFO  o.a.m.s.f.DefaultMavenResourcesFiltering - Copying 1 resource from src\main\resources to target\classes
2024-10-01 19:58:57,859 [Worker-3: Building] INFO  o.a.m.s.f.DefaultMavenResourcesFiltering - Copying 0 resource from src\main\resources to target\classes
2024-10-01 19:58:57,869 [Worker-3: Building] INFO  o.a.m.s.f.DefaultMavenResourcesFiltering - skip non existing resourceDirectory C:\Users\priya\Downloads\dcobankpro\dcobankpro\src\test\resources
2024-10-02 18:43:33,979 [Worker-3: Loading available Gradle versions] INFO  o.e.b.c.i.u.g.PublishedGradleVersions - Gradle version information cache is up-to-date. Trying to read.
2024-10-03 19:11:46,459 [Worker-2: Loading available Gradle versions] INFO  o.e.b.c.i.u.g.PublishedGradleVersions - Gradle version information cache is out-of-date. Trying to update.
2024-10-03 19:31:19,778 [Worker-15: Building] INFO  o.a.m.s.f.DefaultMavenResourcesFiltering - Copying 1 resource from src\main\resources to target\classes
2024-10-03 19:31:19,845 [Worker-15: Building] INFO  o.a.m.s.f.DefaultMavenResourcesFiltering - Copying 0 resource from src\main\resources to target\classes
2024-10-03 19:31:19,861 [Worker-15: Building] INFO  o.a.m.s.f.DefaultMavenResourcesFiltering - skip non existing resourceDirectory C:\Users\priya\Downloads\dcobankpro\dcobankpro\src\test\resources
2024-10-03 19:42:14,314 [Worker-16: Building] INFO  o.a.m.s.f.DefaultMavenResourcesFiltering - Copying 1 resource from src\main\resources to target\classes
2024-10-03 19:42:14,347 [Worker-16: Building] INFO  o.a.m.s.f.DefaultMavenResourcesFiltering - Copying 0 resource from src\main\resources to target\classes
2024-10-03 19:42:14,363 [Worker-16: Building] INFO  o.a.m.s.f.DefaultMavenResourcesFiltering - skip non existing resourceDirectory C:\Users\priya\Downloads\dcobankpro\dcobankpro\src\test\resources
2024-10-03 19:42:35,030 [Worker-19: Building] INFO  o.a.m.s.f.DefaultMavenResourcesFiltering - Copying 0 resource from src\main\resources to target\classes
2024-10-03 19:42:35,033 [Worker-19: Building] INFO  o.a.m.s.f.DefaultMavenResourcesFiltering - Copying 0 resource from src\main\resources to target\classes
2024-10-03 19:42:35,041 [Worker-19: Building] INFO  o.a.m.s.f.DefaultMavenResourcesFiltering - skip non existing resourceDirectory C:\Users\priya\Downloads\dcobankpro\dcobankpro\src\test\resources
2024-10-03 19:43:40,802 [Worker-18: Building] INFO  o.a.m.s.f.DefaultMavenResourcesFiltering - Copying 0 resource from src\main\resources to target\classes
2024-10-03 19:43:40,803 [Worker-18: Building] INFO  o.a.m.s.f.DefaultMavenResourcesFiltering - Copying 0 resource from src\main\resources to target\classes
2024-10-03 19:43:40,810 [Worker-18: Building] INFO  o.a.m.s.f.DefaultMavenResourcesFiltering - skip non existing resourceDirectory C:\Users\priya\Downloads\dcobankpro\dcobankpro\src\test\resources
2024-10-03 20:00:28,904 [Worker-27: Building] INFO  o.e.m.c.i.l.LifecycleMappingFactory - Using org.eclipse.m2e.jdt.JarLifecycleMapping lifecycle mapping for MavenProject: com.ibm:dcobankpro:0.0.1-SNAPSHOT @ C:\Users\priya\Downloads\dcobankpro\dcobankpro\pom.xml.
2024-10-03 20:00:29,725 [Worker-27: Building] INFO  o.e.m.c.i.e.AbstractTransferListenerAdapter - Downloading https://repo.maven.apache.org/maven2/org/projectlombok/lombok/1.18.34/lombok-1.18.34.pom
2024-10-03 20:00:29,742 [Worker-27: Building] INFO  o.e.m.c.i.e.AbstractTransferListenerAdapter - Downloaded https://repo.maven.apache.org/maven2/org/projectlombok/lombok/1.18.34/lombok-1.18.34.pom
2024-10-03 20:00:29,901 [Worker-27: Building] INFO  o.e.m.c.i.e.AbstractTransferListenerAdapter - Downloading https://repo.maven.apache.org/maven2/org/projectlombok/lombok/1.18.34/lombok-1.18.34.jar
2024-10-03 20:00:30,049 [Worker-27: Building] INFO  o.e.m.c.i.e.AbstractTransferListenerAdapter - Downloaded https://repo.maven.apache.org/maven2/org/projectlombok/lombok/1.18.34/lombok-1.18.34.jar
2024-10-03 20:00:30,771 [Worker-27: Building] INFO  o.a.m.s.f.DefaultMavenResourcesFiltering - Copying 1 resource from src\main\resources to target\classes
2024-10-03 20:00:30,792 [Worker-27: Building] INFO  o.a.m.s.f.DefaultMavenResourcesFiltering - Copying 0 resource from src\main\resources to target\classes
2024-10-03 20:00:30,799 [Worker-27: Building] INFO  o.a.m.s.f.DefaultMavenResourcesFiltering - skip non existing resourceDirectory C:\Users\priya\Downloads\dcobankpro\dcobankpro\src\test\resources
2024-10-03 20:00:31,591 [Worker-26: Download sources and javadoc] INFO  o.e.m.c.i.e.AbstractTransferListenerAdapter - Downloading https://repo.maven.apache.org/maven2/org/projectlombok/lombok/1.18.34/lombok-1.18.34-sources.jar
2024-10-03 20:00:31,684 [Worker-26: Download sources and javadoc] INFO  o.e.m.c.i.e.AbstractTransferListenerAdapter - Downloaded https://repo.maven.apache.org/maven2/org/projectlombok/lombok/1.18.34/lombok-1.18.34-sources.jar
2024-10-03 20:00:31,690 [Worker-26: Download sources and javadoc] INFO  o.e.m.j.internal.DownloadSourcesJob - Downloaded sources for org.projectlombok:lombok:1.18.34
2024-10-04 18:17:21,188 [Worker-3: Loading available Gradle versions] INFO  o.e.b.c.i.u.g.PublishedGradleVersions - Gradle version information cache is up-to-date. Trying to read.
2024-10-04 18:17:30,842 [Worker-1: Building] INFO  o.a.m.s.f.DefaultMavenResourcesFiltering - Copying 1 resource from src\main\resources to target\classes
2024-10-04 18:17:30,883 [Worker-1: Building] INFO  o.a.m.s.f.DefaultMavenResourcesFiltering - Copying 0 resource from src\main\resources to target\classes
2024-10-04 18:17:30,967 [Worker-1: Building] INFO  o.a.m.s.f.DefaultMavenResourcesFiltering - skip non existing resourceDirectory C:\Users\priya\Downloads\dcobankpro\dcobankpro\src\test\resources
2024-10-04 18:38:15,673 [Worker-13: Importing Maven projects] INFO  o.e.m.c.i.l.LifecycleMappingFactory - Using org.eclipse.m2e.jdt.JarLifecycleMapping lifecycle mapping for MavenProject: com.ibm:dcobankpro:0.0.1-SNAPSHOT @ C:\Users\priya\Downloads\dcobankpro (1)\dcobankpro\pom.xml.
2024-10-04 18:38:16,802 [Worker-13: Importing Maven projects] INFO  o.e.m.j.i.AbstractJavaProjectConfigurator - Adding source folder /dcobankpro/src/main/java
2024-10-04 18:38:16,804 [Worker-13: Importing Maven projects] INFO  o.e.m.j.i.AbstractJavaProjectConfigurator - Adding resource folder /dcobankpro/src/main/resources
2024-10-04 18:38:16,812 [Worker-13: Importing Maven projects] INFO  o.e.m.j.i.AbstractJavaProjectConfigurator - Adding resource folder /dcobankpro/src/main/resources
2024-10-04 18:38:17,106 [Worker-13: Importing Maven projects] INFO  o.e.m.j.i.AbstractJavaProjectConfigurator - Adding source folder /dcobankpro/src/test/java
2024-10-04 18:38:17,109 [Worker-13: Importing Maven projects] INFO  o.e.m.j.i.AbstractJavaProjectConfigurator - Adding resource folder /dcobankpro/src/test/resources
2024-10-04 18:38:17,113 [Worker-13: Importing Maven projects] ERROR o.e.m.j.i.AbstractJavaProjectConfigurator - Failed to find a compatible VM for environment id 'JavaSE-17', falling back to workspace default
2024-10-04 18:38:17,392 [Worker-13: Importing Maven projects] INFO  o.e.m.c.i.p.ProjectConfigurationManager - Imported and configured 1 project(s) in 2 sec
2024-10-04 18:38:18,438 [Worker-18: Building] INFO  o.a.m.s.f.DefaultMavenResourcesFiltering - Copying 1 resource from src\main\resources to target\classes
2024-10-04 18:38:18,472 [Worker-18: Building] INFO  o.a.m.s.f.DefaultMavenResourcesFiltering - Copying 0 resource from src\main\resources to target\classes
2024-10-04 18:38:18,481 [Worker-18: Building] INFO  o.a.m.s.f.DefaultMavenResourcesFiltering - skip non existing resourceDirectory C:\Users\priya\Downloads\dcobankpro (1)\dcobankpro\src\test\resources
2024-10-04 18:42:23,210 [Worker-19: Building] INFO  o.a.m.s.f.DefaultMavenResourcesFiltering - Copying 1 resource from src\main\resources to target\classes
2024-10-04 18:42:23,220 [Worker-19: Building] INFO  o.a.m.s.f.DefaultMavenResourcesFiltering - Copying 0 resource from src\main\resources to target\classes
2024-10-04 18:42:23,236 [Worker-19: Building] INFO  o.a.m.s.f.DefaultMavenResourcesFiltering - skip non existing resourceDirectory C:\Users\priya\Downloads\dcobankpro (1)\dcobankpro\src\test\resources
2024-10-04 18:57:33,417 [Worker-20: Building] INFO  o.a.m.s.f.DefaultMavenResourcesFiltering - Copying 1 resource from src\main\resources to target\classes
2024-10-04 18:57:33,426 [Worker-20: Building] INFO  o.a.m.s.f.DefaultMavenResourcesFiltering - Copying 0 resource from src\main\resources to target\classes
2024-10-04 18:57:33,436 [Worker-20: Building] INFO  o.a.m.s.f.DefaultMavenResourcesFiltering - skip non existing resourceDirectory C:\Users\priya\Downloads\dcobankpro (1)\dcobankpro\src\test\resources
2024-10-04 18:57:37,458 [Worker-24: Building] INFO  o.e.m.c.i.l.LifecycleMappingFactory - Using org.eclipse.m2e.jdt.JarLifecycleMapping lifecycle mapping for MavenProject: com.ibm:dcobankpro:0.0.1-SNAPSHOT @ C:\Users\priya\Downloads\dcobankpro (1)\dcobankpro\pom.xml.
2024-10-04 18:57:38,573 [Worker-24: Building] INFO  o.a.m.s.f.DefaultMavenResourcesFiltering - Copying 0 resource from src\main\resources to target\classes
2024-10-04 18:57:38,575 [Worker-24: Building] INFO  o.a.m.s.f.DefaultMavenResourcesFiltering - Copying 0 resource from src\main\resources to target\classes
2024-10-04 18:57:38,584 [Worker-24: Building] INFO  o.a.m.s.f.DefaultMavenResourcesFiltering - skip non existing resourceDirectory C:\Users\priya\Downloads\dcobankpro (1)\dcobankpro\src\test\resources
2024-10-04 18:57:39,774 [Worker-25: Building] INFO  o.a.m.s.f.DefaultMavenResourcesFiltering - Copying 1 resource from src\main\resources to target\classes
2024-10-04 18:57:39,791 [Worker-25: Building] INFO  o.a.m.s.f.DefaultMavenResourcesFiltering - Copying 0 resource from src\main\resources to target\classes
2024-10-04 18:57:39,795 [Worker-25: Building] INFO  o.a.m.s.f.DefaultMavenResourcesFiltering - skip non existing resourceDirectory C:\Users\priya\Downloads\dcobankpro (1)\dcobankpro\src\test\resources
2024-10-04 19:07:17,381 [Worker-24: Building] INFO  o.a.m.s.f.DefaultMavenResourcesFiltering - Copying 1 resource from src\main\resources to target\classes
2024-10-04 19:07:17,391 [Worker-24: Building] INFO  o.a.m.s.f.DefaultMavenResourcesFiltering - Copying 0 resource from src\main\resources to target\classes
2024-10-04 19:07:17,395 [Worker-24: Building] INFO  o.a.m.s.f.DefaultMavenResourcesFiltering - skip non existing resourceDirectory C:\Users\priya\Downloads\dcobankpro (1)\dcobankpro\src\test\resources
2024-10-04 19:07:20,307 [Worker-24: Building] INFO  o.a.m.s.f.DefaultMavenResourcesFiltering - Copying 1 resource from src\main\resources to target\classes
2024-10-04 19:07:20,317 [Worker-24: Building] INFO  o.a.m.s.f.DefaultMavenResourcesFiltering - Copying 0 resource from src\main\resources to target\classes
2024-10-04 19:07:20,321 [Worker-24: Building] INFO  o.a.m.s.f.DefaultMavenResourcesFiltering - skip non existing resourceDirectory C:\Users\priya\Downloads\dcobankpro (1)\dcobankpro\src\test\resources
2024-10-04 19:08:09,070 [Worker-27: Building] INFO  o.a.m.s.f.DefaultMavenResourcesFiltering - Copying 1 resource from src\main\resources to target\classes
2024-10-04 19:08:09,086 [Worker-27: Building] INFO  o.a.m.s.f.DefaultMavenResourcesFiltering - Copying 0 resource from src\main\resources to target\classes
2024-10-04 19:08:09,089 [Worker-27: Building] INFO  o.a.m.s.f.DefaultMavenResourcesFiltering - skip non existing resourceDirectory C:\Users\priya\Downloads\dcobankpro (1)\dcobankpro\src\test\resources
2024-10-04 19:08:53,721 [Worker-24: Building] INFO  o.a.m.s.f.DefaultMavenResourcesFiltering - Copying 1 resource from src\main\resources to target\classes
2024-10-04 19:08:53,729 [Worker-24: Building] INFO  o.a.m.s.f.DefaultMavenResourcesFiltering - Copying 0 resource from src\main\resources to target\classes
2024-10-04 19:08:53,733 [Worker-24: Building] INFO  o.a.m.s.f.DefaultMavenResourcesFiltering - skip non existing resourceDirectory C:\Users\priya\Downloads\dcobankpro (1)\dcobankpro\src\test\resources
2024-10-04 19:17:57,293 [Worker-29: Building] INFO  o.a.m.s.f.DefaultMavenResourcesFiltering - Copying 1 resource from src\main\resources to target\classes
2024-10-04 19:17:57,302 [Worker-29: Building] INFO  o.a.m.s.f.DefaultMavenResourcesFiltering - Copying 0 resource from src\main\resources to target\classes
2024-10-04 19:17:57,308 [Worker-29: Building] INFO  o.a.m.s.f.DefaultMavenResourcesFiltering - skip non existing resourceDirectory C:\Users\priya\Downloads\dcobankpro (1)\dcobankpro\src\test\resources
2024-10-04 19:26:12,645 [Worker-39: Building] INFO  o.a.m.s.f.DefaultMavenResourcesFiltering - Copying 1 resource from src\main\resources to target\classes
2024-10-04 19:26:12,662 [Worker-39: Building] INFO  o.a.m.s.f.DefaultMavenResourcesFiltering - Copying 0 resource from src\main\resources to target\classes
2024-10-04 19:26:12,671 [Worker-39: Building] INFO  o.a.m.s.f.DefaultMavenResourcesFiltering - skip non existing resourceDirectory C:\Users\priya\Downloads\dcobankpro (1)\dcobankpro\src\test\resources
2024-10-04 19:26:16,805 [Worker-41: Building] INFO  o.a.m.s.f.DefaultMavenResourcesFiltering - Copying 1 resource from src\main\resources to target\classes
2024-10-04 19:26:16,816 [Worker-41: Building] INFO  o.a.m.s.f.DefaultMavenResourcesFiltering - Copying 0 resource from src\main\resources to target\classes
2024-10-04 19:26:16,827 [Worker-41: Building] INFO  o.a.m.s.f.DefaultMavenResourcesFiltering - skip non existing resourceDirectory C:\Users\priya\Downloads\dcobankpro (1)\dcobankpro\src\test\resources
2024-10-04 19:44:11,580 [Worker-45: Building] INFO  o.a.m.s.f.DefaultMavenResourcesFiltering - Copying 1 resource from src\main\resources to target\classes
2024-10-04 19:44:11,611 [Worker-45: Building] INFO  o.a.m.s.f.DefaultMavenResourcesFiltering - Copying 0 resource from src\main\resources to target\classes
2024-10-04 19:44:11,616 [Worker-45: Building] INFO  o.a.m.s.f.DefaultMavenResourcesFiltering - skip non existing resourceDirectory C:\Users\priya\Downloads\dcobankpro (1)\dcobankpro\src\test\resources
2024-10-04 19:52:12,140 [Worker-51: Building] INFO  o.a.m.s.f.DefaultMavenResourcesFiltering - Copying 0 resource from src\main\resources to target\classes
2024-10-04 19:52:12,142 [Worker-51: Building] INFO  o.a.m.s.f.DefaultMavenResourcesFiltering - Copying 0 resource from src\main\resources to target\classes
2024-10-04 19:52:12,146 [Worker-51: Building] INFO  o.a.m.s.f.DefaultMavenResourcesFiltering - Copying 0 resource from src\test\resources to target\test-classes
2024-10-04 19:53:38,419 [Worker-49: Building] INFO  o.a.m.s.f.DefaultMavenResourcesFiltering - Copying 0 resource from src\main\resources to target\classes
2024-10-04 19:53:38,420 [Worker-49: Building] INFO  o.a.m.s.f.DefaultMavenResourcesFiltering - Copying 0 resource from src\main\resources to target\classes
2024-10-04 19:53:38,429 [Worker-49: Building] INFO  o.a.m.s.f.DefaultMavenResourcesFiltering - Copying 0 resource from src\test\resources to target\test-classes
2024-10-04 19:53:57,693 [Worker-48: Building] INFO  o.a.m.s.f.DefaultMavenResourcesFiltering - Copying 0 resource from src\main\resources to target\classes
2024-10-04 19:53:57,696 [Worker-48: Building] INFO  o.a.m.s.f.DefaultMavenResourcesFiltering - Copying 0 resource from src\main\resources to target\classes
2024-10-04 19:53:57,703 [Worker-48: Building] INFO  o.a.m.s.f.DefaultMavenResourcesFiltering - Copying 0 resource from src\test\resources to target\test-classes
2024-10-04 19:54:19,287 [Worker-48: Building] INFO  o.a.m.s.f.DefaultMavenResourcesFiltering - Copying 0 resource from src\main\resources to target\classes
2024-10-04 19:54:19,291 [Worker-48: Building] INFO  o.a.m.s.f.DefaultMavenResourcesFiltering - Copying 0 resource from src\main\resources to target\classes
2024-10-04 19:54:19,299 [Worker-48: Building] INFO  o.a.m.s.f.DefaultMavenResourcesFiltering - Copying 0 resource from src\test\resources to target\test-classes
2024-10-04 20:02:52,681 [Worker-52: Building] INFO  o.a.m.s.f.DefaultMavenResourcesFiltering - Copying 1 resource from src\main\resources to target\classes
2024-10-04 20:02:52,742 [Worker-52: Building] INFO  o.a.m.s.f.DefaultMavenResourcesFiltering - Copying 0 resource from src\main\resources to target\classes
2024-10-04 20:02:52,749 [Worker-52: Building] INFO  o.a.m.s.f.DefaultMavenResourcesFiltering - Copying 0 resource from src\test\resources to target\test-classes
2024-10-05 17:06:45,327 [Worker-2: Loading available Gradle versions] INFO  o.e.b.c.i.u.g.PublishedGradleVersions - Gradle version information cache is out-of-date. Trying to update.
2024-10-05 17:08:57,305 [Worker-13: Building] INFO  o.a.m.s.f.DefaultMavenResourcesFiltering - Copying 2 resources from src\main\resources to target\classes
2024-10-05 17:08:57,332 [Worker-13: Building] INFO  o.a.m.s.f.DefaultMavenResourcesFiltering - Copying 0 resource from src\main\resources to target\classes
2024-10-05 17:08:57,337 [Worker-13: Building] INFO  o.a.m.s.f.DefaultMavenResourcesFiltering - Copying 0 resource from src\test\resources to target\test-classes
2024-10-05 17:10:51,503 [Worker-13: Building] INFO  o.a.m.s.f.DefaultMavenResourcesFiltering - Copying 2 resources from src\main\resources to target\classes
2024-10-05 17:10:51,538 [Worker-13: Building] INFO  o.a.m.s.f.DefaultMavenResourcesFiltering - Copying 0 resource from src\main\resources to target\classes
2024-10-05 17:10:51,548 [Worker-13: Building] INFO  o.a.m.s.f.DefaultMavenResourcesFiltering - Copying 0 resource from src\test\resources to target\test-classes
2024-10-05 17:13:07,620 [Worker-0: Building] INFO  o.a.m.s.f.DefaultMavenResourcesFiltering - Copying 2 resources from src\main\resources to target\classes
2024-10-05 17:13:07,639 [Worker-0: Building] INFO  o.a.m.s.f.DefaultMavenResourcesFiltering - Copying 0 resource from src\main\resources to target\classes
2024-10-05 17:13:07,653 [Worker-0: Building] INFO  o.a.m.s.f.DefaultMavenResourcesFiltering - Copying 0 resource from src\test\resources to target\test-classes
2024-10-05 17:13:23,009 [Worker-0: Launching Executing clean in C__Users_priya_Downloads_dcobankpro (1)_dcobankpro] INFO  o.eclipse.m2e.core.internal.Bundles - getClasspathEntries(Bundle=org.eclipse.m2e.maven.runtime_3.9.600.20231203-1234 [635])
2024-10-05 17:13:23,012 [Worker-0: Launching Executing clean in C__Users_priya_Downloads_dcobankpro (1)_dcobankpro] INFO  o.eclipse.m2e.core.internal.Bundles - 	Entry: C:\Users\priya\.p2\pool\plugins\org.eclipse.m2e.maven.runtime_3.9.600.20231203-1234
2024-10-05 17:13:23,014 [Worker-0: Launching Executing clean in C__Users_priya_Downloads_dcobankpro (1)_dcobankpro] INFO  o.eclipse.m2e.core.internal.Bundles - 	Entry: C:\Users\priya\.p2\pool\plugins\org.eclipse.m2e.maven.runtime_3.9.600.20231203-1234\jars\aopalliance-1.0.jar
2024-10-05 17:13:23,018 [Worker-0: Launching Executing clean in C__Users_priya_Downloads_dcobankpro (1)_dcobankpro] INFO  o.eclipse.m2e.core.internal.Bundles - 	Entry: C:\Users\priya\.p2\pool\plugins\org.eclipse.m2e.maven.runtime_3.9.600.20231203-1234\jars\guice-5.1.0.jar
2024-10-05 17:13:23,022 [Worker-0: Launching Executing clean in C__Users_priya_Downloads_dcobankpro (1)_dcobankpro] INFO  o.eclipse.m2e.core.internal.Bundles - 	Entry: C:\Users\priya\.p2\pool\plugins\org.eclipse.m2e.maven.runtime_3.9.600.20231203-1234\jars\httpclient-4.5.14.jar
2024-10-05 17:13:23,024 [Worker-0: Launching Executing clean in C__Users_priya_Downloads_dcobankpro (1)_dcobankpro] INFO  o.eclipse.m2e.core.internal.Bundles - 	Entry: C:\Users\priya\.p2\pool\plugins\org.eclipse.m2e.maven.runtime_3.9.600.20231203-1234\jars\httpcore-4.4.16.jar
2024-10-05 17:13:23,025 [Worker-0: Launching Executing clean in C__Users_priya_Downloads_dcobankpro (1)_dcobankpro] INFO  o.eclipse.m2e.core.internal.Bundles - 	Entry: C:\Users\priya\.p2\pool\plugins\org.eclipse.m2e.maven.runtime_3.9.600.20231203-1234\jars\jansi-2.4.0.jar
2024-10-05 17:13:23,025 [Worker-0: Launching Executing clean in C__Users_priya_Downloads_dcobankpro (1)_dcobankpro] INFO  o.eclipse.m2e.core.internal.Bundles - 	Entry: C:\Users\priya\.p2\pool\plugins\org.eclipse.m2e.maven.runtime_3.9.600.20231203-1234\jars\jcl-over-slf4j-1.7.36.jar
2024-10-05 17:13:23,025 [Worker-0: Launching Executing clean in C__Users_priya_Downloads_dcobankpro (1)_dcobankpro] INFO  o.eclipse.m2e.core.internal.Bundles - 	Entry: C:\Users\priya\.p2\pool\plugins\org.eclipse.m2e.maven.runtime_3.9.600.20231203-1234\jars\maven-artifact-3.9.6.jar
2024-10-05 17:13:23,026 [Worker-0: Launching Executing clean in C__Users_priya_Downloads_dcobankpro (1)_dcobankpro] INFO  o.eclipse.m2e.core.internal.Bundles - 	Entry: C:\Users\priya\.p2\pool\plugins\org.eclipse.m2e.maven.runtime_3.9.600.20231203-1234\jars\maven-builder-support-3.9.6.jar
2024-10-05 17:13:23,028 [Worker-0: Launching Executing clean in C__Users_priya_Downloads_dcobankpro (1)_dcobankpro] INFO  o.eclipse.m2e.core.internal.Bundles - 	Entry: C:\Users\priya\.p2\pool\plugins\org.eclipse.m2e.maven.runtime_3.9.600.20231203-1234\jars\maven-compat-3.9.6.jar
2024-10-05 17:13:23,028 [Worker-0: Launching Executing clean in C__Users_priya_Downloads_dcobankpro (1)_dcobankpro] INFO  o.eclipse.m2e.core.internal.Bundles - 	Entry: C:\Users\priya\.p2\pool\plugins\org.eclipse.m2e.maven.runtime_3.9.600.20231203-1234\jars\maven-core-3.9.6.jar
2024-10-05 17:13:23,029 [Worker-0: Launching Executing clean in C__Users_priya_Downloads_dcobankpro (1)_dcobankpro] INFO  o.eclipse.m2e.core.internal.Bundles - 	Entry: C:\Users\priya\.p2\pool\plugins\org.eclipse.m2e.maven.runtime_3.9.600.20231203-1234\jars\maven-embedder-3.9.6.jar
2024-10-05 17:13:23,029 [Worker-0: Launching Executing clean in C__Users_priya_Downloads_dcobankpro (1)_dcobankpro] INFO  o.eclipse.m2e.core.internal.Bundles - 	Entry: C:\Users\priya\.p2\pool\plugins\org.eclipse.m2e.maven.runtime_3.9.600.20231203-1234\jars\maven-model-3.9.6.jar
2024-10-05 17:13:23,029 [Worker-0: Launching Executing clean in C__Users_priya_Downloads_dcobankpro (1)_dcobankpro] INFO  o.eclipse.m2e.core.internal.Bundles - 	Entry: C:\Users\priya\.p2\pool\plugins\org.eclipse.m2e.maven.runtime_3.9.600.20231203-1234\jars\maven-model-builder-3.9.6.jar
2024-10-05 17:13:23,030 [Worker-0: Launching Executing clean in C__Users_priya_Downloads_dcobankpro (1)_dcobankpro] INFO  o.eclipse.m2e.core.internal.Bundles - 	Entry: C:\Users\priya\.p2\pool\plugins\org.eclipse.m2e.maven.runtime_3.9.600.20231203-1234\jars\maven-plugin-api-3.9.6.jar
2024-10-05 17:13:23,030 [Worker-0: Launching Executing clean in C__Users_priya_Downloads_dcobankpro (1)_dcobankpro] INFO  o.eclipse.m2e.core.internal.Bundles - 	Entry: C:\Users\priya\.p2\pool\plugins\org.eclipse.m2e.maven.runtime_3.9.600.20231203-1234\jars\maven-repository-metadata-3.9.6.jar
2024-10-05 17:13:23,031 [Worker-0: Launching Executing clean in C__Users_priya_Downloads_dcobankpro (1)_dcobankpro] INFO  o.eclipse.m2e.core.internal.Bundles - 	Entry: C:\Users\priya\.p2\pool\plugins\org.eclipse.m2e.maven.runtime_3.9.600.20231203-1234\jars\maven-resolver-api-1.9.18.jar
2024-10-05 17:13:23,032 [Worker-0: Launching Executing clean in C__Users_priya_Downloads_dcobankpro (1)_dcobankpro] INFO  o.eclipse.m2e.core.internal.Bundles - 	Entry: C:\Users\priya\.p2\pool\plugins\org.eclipse.m2e.maven.runtime_3.9.600.20231203-1234\jars\maven-resolver-connector-basic-1.9.18.jar
2024-10-05 17:13:23,034 [Worker-0: Launching Executing clean in C__Users_priya_Downloads_dcobankpro (1)_dcobankpro] INFO  o.eclipse.m2e.core.internal.Bundles - 	Entry: C:\Users\priya\.p2\pool\plugins\org.eclipse.m2e.maven.runtime_3.9.600.20231203-1234\jars\maven-resolver-impl-1.9.18.jar
2024-10-05 17:13:23,036 [Worker-0: Launching Executing clean in C__Users_priya_Downloads_dcobankpro (1)_dcobankpro] INFO  o.eclipse.m2e.core.internal.Bundles - 	Entry: C:\Users\priya\.p2\pool\plugins\org.eclipse.m2e.maven.runtime_3.9.600.20231203-1234\jars\maven-resolver-named-locks-1.9.18.jar
2024-10-05 17:13:23,037 [Worker-0: Launching Executing clean in C__Users_priya_Downloads_dcobankpro (1)_dcobankpro] INFO  o.eclipse.m2e.core.internal.Bundles - 	Entry: C:\Users\priya\.p2\pool\plugins\org.eclipse.m2e.maven.runtime_3.9.600.20231203-1234\jars\maven-resolver-provider-3.9.6.jar
2024-10-05 17:13:23,037 [Worker-0: Launching Executing clean in C__Users_priya_Downloads_dcobankpro (1)_dcobankpro] INFO  o.eclipse.m2e.core.internal.Bundles - 	Entry: C:\Users\priya\.p2\pool\plugins\org.eclipse.m2e.maven.runtime_3.9.600.20231203-1234\jars\maven-resolver-spi-1.9.18.jar
2024-10-05 17:13:23,037 [Worker-0: Launching Executing clean in C__Users_priya_Downloads_dcobankpro (1)_dcobankpro] INFO  o.eclipse.m2e.core.internal.Bundles - 	Entry: C:\Users\priya\.p2\pool\plugins\org.eclipse.m2e.maven.runtime_3.9.600.20231203-1234\jars\maven-resolver-transport-file-1.9.18.jar
2024-10-05 17:13:23,037 [Worker-0: Launching Executing clean in C__Users_priya_Downloads_dcobankpro (1)_dcobankpro] INFO  o.eclipse.m2e.core.internal.Bundles - 	Entry: C:\Users\priya\.p2\pool\plugins\org.eclipse.m2e.maven.runtime_3.9.600.20231203-1234\jars\maven-resolver-transport-http-1.9.18.jar
2024-10-05 17:13:23,038 [Worker-0: Launching Executing clean in C__Users_priya_Downloads_dcobankpro (1)_dcobankpro] INFO  o.eclipse.m2e.core.internal.Bundles - 	Entry: C:\Users\priya\.p2\pool\plugins\org.eclipse.m2e.maven.runtime_3.9.600.20231203-1234\jars\maven-resolver-transport-wagon-1.9.18.jar
2024-10-05 17:13:23,038 [Worker-0: Launching Executing clean in C__Users_priya_Downloads_dcobankpro (1)_dcobankpro] INFO  o.eclipse.m2e.core.internal.Bundles - 	Entry: C:\Users\priya\.p2\pool\plugins\org.eclipse.m2e.maven.runtime_3.9.600.20231203-1234\jars\maven-resolver-util-1.9.18.jar
2024-10-05 17:13:23,038 [Worker-0: Launching Executing clean in C__Users_priya_Downloads_dcobankpro (1)_dcobankpro] INFO  o.eclipse.m2e.core.internal.Bundles - 	Entry: C:\Users\priya\.p2\pool\plugins\org.eclipse.m2e.maven.runtime_3.9.600.20231203-1234\jars\maven-settings-3.9.6.jar
2024-10-05 17:13:23,038 [Worker-0: Launching Executing clean in C__Users_priya_Downloads_dcobankpro (1)_dcobankpro] INFO  o.eclipse.m2e.core.internal.Bundles - 	Entry: C:\Users\priya\.p2\pool\plugins\org.eclipse.m2e.maven.runtime_3.9.600.20231203-1234\jars\maven-settings-builder-3.9.6.jar
2024-10-05 17:13:23,039 [Worker-0: Launching Executing clean in C__Users_priya_Downloads_dcobankpro (1)_dcobankpro] INFO  o.eclipse.m2e.core.internal.Bundles - 	Entry: C:\Users\priya\.p2\pool\plugins\org.eclipse.m2e.maven.runtime_3.9.600.20231203-1234\jars\maven-shared-utils-3.3.4.jar
2024-10-05 17:13:23,039 [Worker-0: Launching Executing clean in C__Users_priya_Downloads_dcobankpro (1)_dcobankpro] INFO  o.eclipse.m2e.core.internal.Bundles - 	Entry: C:\Users\priya\.p2\pool\plugins\org.eclipse.m2e.maven.runtime_3.9.600.20231203-1234\jars\org.eclipse.sisu.inject-0.9.0.M2.jar
2024-10-05 17:13:23,039 [Worker-0: Launching Executing clean in C__Users_priya_Downloads_dcobankpro (1)_dcobankpro] INFO  o.eclipse.m2e.core.internal.Bundles - 	Entry: C:\Users\priya\.p2\pool\plugins\org.eclipse.m2e.maven.runtime_3.9.600.20231203-1234\jars\org.eclipse.sisu.plexus-0.9.0.M2.jar
2024-10-05 17:13:23,040 [Worker-0: Launching Executing clean in C__Users_priya_Downloads_dcobankpro (1)_dcobankpro] INFO  o.eclipse.m2e.core.internal.Bundles - 	Entry: C:\Users\priya\.p2\pool\plugins\org.eclipse.m2e.maven.runtime_3.9.600.20231203-1234\jars\plexus-build-api-0.0.7.jar
2024-10-05 17:13:23,041 [Worker-0: Launching Executing clean in C__Users_priya_Downloads_dcobankpro (1)_dcobankpro] INFO  o.eclipse.m2e.core.internal.Bundles - 	Entry: C:\Users\priya\.p2\pool\plugins\org.eclipse.m2e.maven.runtime_3.9.600.20231203-1234\jars\plexus-cipher-2.0.jar
2024-10-05 17:13:23,041 [Worker-0: Launching Executing clean in C__Users_priya_Downloads_dcobankpro (1)_dcobankpro] INFO  o.eclipse.m2e.core.internal.Bundles - 	Entry: C:\Users\priya\.p2\pool\plugins\org.eclipse.m2e.maven.runtime_3.9.600.20231203-1234\jars\plexus-classworlds-2.7.0.jar
2024-10-05 17:13:23,041 [Worker-0: Launching Executing clean in C__Users_priya_Downloads_dcobankpro (1)_dcobankpro] INFO  o.eclipse.m2e.core.internal.Bundles - 	Entry: C:\Users\priya\.p2\pool\plugins\org.eclipse.m2e.maven.runtime_3.9.600.20231203-1234\jars\plexus-component-annotations-2.1.0.jar
2024-10-05 17:13:23,043 [Worker-0: Launching Executing clean in C__Users_priya_Downloads_dcobankpro (1)_dcobankpro] INFO  o.eclipse.m2e.core.internal.Bundles - 	Entry: C:\Users\priya\.p2\pool\plugins\org.eclipse.m2e.maven.runtime_3.9.600.20231203-1234\jars\plexus-interpolation-1.26.jar
2024-10-05 17:13:23,043 [Worker-0: Launching Executing clean in C__Users_priya_Downloads_dcobankpro (1)_dcobankpro] INFO  o.eclipse.m2e.core.internal.Bundles - 	Entry: C:\Users\priya\.p2\pool\plugins\org.eclipse.m2e.maven.runtime_3.9.600.20231203-1234\jars\plexus-sec-dispatcher-2.0.jar
2024-10-05 17:13:23,043 [Worker-0: Launching Executing clean in C__Users_priya_Downloads_dcobankpro (1)_dcobankpro] INFO  o.eclipse.m2e.core.internal.Bundles - 	Entry: C:\Users\priya\.p2\pool\plugins\org.eclipse.m2e.maven.runtime_3.9.600.20231203-1234\jars\plexus-utils-3.5.1.jar
2024-10-05 17:13:23,045 [Worker-0: Launching Executing clean in C__Users_priya_Downloads_dcobankpro (1)_dcobankpro] INFO  o.eclipse.m2e.core.internal.Bundles - 	Entry: C:\Users\priya\.p2\pool\plugins\org.eclipse.m2e.maven.runtime_3.9.600.20231203-1234\jars\wagon-file-3.5.3.jar
2024-10-05 17:13:23,046 [Worker-0: Launching Executing clean in C__Users_priya_Downloads_dcobankpro (1)_dcobankpro] INFO  o.eclipse.m2e.core.internal.Bundles - 	Entry: C:\Users\priya\.p2\pool\plugins\org.eclipse.m2e.maven.runtime_3.9.600.20231203-1234\jars\wagon-http-3.5.3.jar
2024-10-05 17:13:23,047 [Worker-0: Launching Executing clean in C__Users_priya_Downloads_dcobankpro (1)_dcobankpro] INFO  o.eclipse.m2e.core.internal.Bundles - 	Entry: C:\Users\priya\.p2\pool\plugins\org.eclipse.m2e.maven.runtime_3.9.600.20231203-1234\jars\wagon-http-shared-3.5.3.jar
2024-10-05 17:13:23,047 [Worker-0: Launching Executing clean in C__Users_priya_Downloads_dcobankpro (1)_dcobankpro] INFO  o.eclipse.m2e.core.internal.Bundles - 	Entry: C:\Users\priya\.p2\pool\plugins\org.eclipse.m2e.maven.runtime_3.9.600.20231203-1234\jars\wagon-provider-api-3.5.3.jar
2024-10-05 17:13:23,055 [Worker-0: Launching Executing clean in C__Users_priya_Downloads_dcobankpro (1)_dcobankpro] INFO  o.eclipse.m2e.core.internal.Bundles - getClasspathEntries(Bundle=com.google.guava_33.0.0.jre [14])
2024-10-05 17:13:23,056 [Worker-0: Launching Executing clean in C__Users_priya_Downloads_dcobankpro (1)_dcobankpro] INFO  o.eclipse.m2e.core.internal.Bundles - 	Entry: C:\Users\priya\.p2\pool\plugins\com.google.guava_33.0.0.jre.jar
2024-10-05 17:13:23,057 [Worker-0: Launching Executing clean in C__Users_priya_Downloads_dcobankpro (1)_dcobankpro] INFO  o.eclipse.m2e.core.internal.Bundles - getClasspathEntries(Bundle=slf4j.api_2.0.13 [998])
2024-10-05 17:13:23,058 [Worker-0: Launching Executing clean in C__Users_priya_Downloads_dcobankpro (1)_dcobankpro] INFO  o.eclipse.m2e.core.internal.Bundles - 	Entry: C:\Users\priya\.p2\pool\plugins\slf4j.api_2.0.13.jar
2024-10-05 17:13:23,059 [Worker-0: Launching Executing clean in C__Users_priya_Downloads_dcobankpro (1)_dcobankpro] INFO  o.eclipse.m2e.core.internal.Bundles - getClasspathEntries(Bundle=jakarta.inject.jakarta.inject-api_1.0.5 [32])
2024-10-05 17:13:23,060 [Worker-0: Launching Executing clean in C__Users_priya_Downloads_dcobankpro (1)_dcobankpro] INFO  o.eclipse.m2e.core.internal.Bundles - 	Entry: C:\Users\priya\.p2\pool\plugins\jakarta.inject.jakarta.inject-api_1.0.5.jar
2024-10-05 17:13:23,060 [Worker-0: Launching Executing clean in C__Users_priya_Downloads_dcobankpro (1)_dcobankpro] INFO  o.eclipse.m2e.core.internal.Bundles - getClasspathEntries(Bundle=jakarta.annotation-api_1.3.5 [27])
2024-10-05 17:13:23,061 [Worker-0: Launching Executing clean in C__Users_priya_Downloads_dcobankpro (1)_dcobankpro] INFO  o.eclipse.m2e.core.internal.Bundles - 	Entry: C:\Users\priya\.p2\pool\plugins\jakarta.annotation-api_1.3.5.jar
2024-10-05 17:13:23,061 [Worker-0: Launching Executing clean in C__Users_priya_Downloads_dcobankpro (1)_dcobankpro] INFO  o.eclipse.m2e.core.internal.Bundles - getClasspathEntries(Bundle=org.apache.commons.cli_1.6.0 [75])
2024-10-05 17:13:23,062 [Worker-0: Launching Executing clean in C__Users_priya_Downloads_dcobankpro (1)_dcobankpro] INFO  o.eclipse.m2e.core.internal.Bundles - 	Entry: C:\Users\priya\.p2\pool\plugins\org.apache.commons.cli_1.6.0.jar
2024-10-05 17:13:23,062 [Worker-0: Launching Executing clean in C__Users_priya_Downloads_dcobankpro (1)_dcobankpro] INFO  o.eclipse.m2e.core.internal.Bundles - getClasspathEntries(Bundle=org.apache.commons.commons-codec_1.16.0 [78])
2024-10-05 17:13:23,063 [Worker-0: Launching Executing clean in C__Users_priya_Downloads_dcobankpro (1)_dcobankpro] INFO  o.eclipse.m2e.core.internal.Bundles - 	Entry: C:\Users\priya\.p2\pool\plugins\org.apache.commons.commons-codec_1.16.0.jar
2024-10-05 17:13:23,064 [Worker-0: Launching Executing clean in C__Users_priya_Downloads_dcobankpro (1)_dcobankpro] INFO  o.eclipse.m2e.core.internal.Bundles - getClasspathEntries(Bundle=org.apache.commons.lang3_3.14.0 [86])
2024-10-05 17:13:23,071 [Worker-0: Launching Executing clean in C__Users_priya_Downloads_dcobankpro (1)_dcobankpro] INFO  o.eclipse.m2e.core.internal.Bundles - 	Entry: C:\Users\priya\.p2\pool\plugins\org.apache.commons.lang3_3.14.0.jar
2024-10-05 17:13:23,072 [Worker-0: Launching Executing clean in C__Users_priya_Downloads_dcobankpro (1)_dcobankpro] INFO  o.eclipse.m2e.core.internal.Bundles - getClasspathEntries(Bundle=com.google.guava.failureaccess_1.0.2 [15])
2024-10-05 17:13:23,073 [Worker-0: Launching Executing clean in C__Users_priya_Downloads_dcobankpro (1)_dcobankpro] INFO  o.eclipse.m2e.core.internal.Bundles - 	Entry: C:\Users\priya\.p2\pool\plugins\com.google.guava.failureaccess_1.0.2.jar
2024-10-05 17:13:23,085 [Worker-0: Launching Executing clean in C__Users_priya_Downloads_dcobankpro (1)_dcobankpro] INFO  o.e.m.i.launch.MavenLaunchDelegate - Run build in "C:\Users\priya\Downloads\dcobankpro (1)\dcobankpro":
2024-10-05 17:13:23,090 [Worker-0: Launching Executing clean in C__Users_priya_Downloads_dcobankpro (1)_dcobankpro] INFO  o.e.m.i.launch.MavenLaunchDelegate -  mvn  -B -Dstyle.color=always clean
2024-10-05 17:13:27,909 [Worker-13: Building] INFO  o.a.m.s.f.DefaultMavenResourcesFiltering - Copying 2 resources from src\main\resources to target\classes
2024-10-05 17:13:27,939 [Worker-13: Building] INFO  o.a.m.s.f.DefaultMavenResourcesFiltering - Copying 0 resource from src\main\resources to target\classes
2024-10-05 17:13:27,947 [Worker-13: Building] INFO  o.a.m.s.f.DefaultMavenResourcesFiltering - Copying 0 resource from src\test\resources to target\test-classes
2024-10-05 17:13:42,642 [Worker-15: Launching Executing install in C__Users_priya_Downloads_dcobankpro (1)_dcobankpro] INFO  o.eclipse.m2e.core.internal.Bundles - getClasspathEntries(Bundle=org.eclipse.m2e.maven.runtime_3.9.600.20231203-1234 [635])
2024-10-05 17:13:42,642 [Worker-15: Launching Executing install in C__Users_priya_Downloads_dcobankpro (1)_dcobankpro] INFO  o.eclipse.m2e.core.internal.Bundles - 	Entry: C:\Users\priya\.p2\pool\plugins\org.eclipse.m2e.maven.runtime_3.9.600.20231203-1234
2024-10-05 17:13:42,643 [Worker-15: Launching Executing install in C__Users_priya_Downloads_dcobankpro (1)_dcobankpro] INFO  o.eclipse.m2e.core.internal.Bundles - 	Entry: C:\Users\priya\.p2\pool\plugins\org.eclipse.m2e.maven.runtime_3.9.600.20231203-1234\jars\aopalliance-1.0.jar
2024-10-05 17:13:42,643 [Worker-15: Launching Executing install in C__Users_priya_Downloads_dcobankpro (1)_dcobankpro] INFO  o.eclipse.m2e.core.internal.Bundles - 	Entry: C:\Users\priya\.p2\pool\plugins\org.eclipse.m2e.maven.runtime_3.9.600.20231203-1234\jars\guice-5.1.0.jar
2024-10-05 17:13:42,643 [Worker-15: Launching Executing install in C__Users_priya_Downloads_dcobankpro (1)_dcobankpro] INFO  o.eclipse.m2e.core.internal.Bundles - 	Entry: C:\Users\priya\.p2\pool\plugins\org.eclipse.m2e.maven.runtime_3.9.600.20231203-1234\jars\httpclient-4.5.14.jar
2024-10-05 17:13:42,643 [Worker-15: Launching Executing install in C__Users_priya_Downloads_dcobankpro (1)_dcobankpro] INFO  o.eclipse.m2e.core.internal.Bundles - 	Entry: C:\Users\priya\.p2\pool\plugins\org.eclipse.m2e.maven.runtime_3.9.600.20231203-1234\jars\httpcore-4.4.16.jar
2024-10-05 17:13:42,644 [Worker-15: Launching Executing install in C__Users_priya_Downloads_dcobankpro (1)_dcobankpro] INFO  o.eclipse.m2e.core.internal.Bundles - 	Entry: C:\Users\priya\.p2\pool\plugins\org.eclipse.m2e.maven.runtime_3.9.600.20231203-1234\jars\jansi-2.4.0.jar
2024-10-05 17:13:42,644 [Worker-15: Launching Executing install in C__Users_priya_Downloads_dcobankpro (1)_dcobankpro] INFO  o.eclipse.m2e.core.internal.Bundles - 	Entry: C:\Users\priya\.p2\pool\plugins\org.eclipse.m2e.maven.runtime_3.9.600.20231203-1234\jars\jcl-over-slf4j-1.7.36.jar
2024-10-05 17:13:42,644 [Worker-15: Launching Executing install in C__Users_priya_Downloads_dcobankpro (1)_dcobankpro] INFO  o.eclipse.m2e.core.internal.Bundles - 	Entry: C:\Users\priya\.p2\pool\plugins\org.eclipse.m2e.maven.runtime_3.9.600.20231203-1234\jars\maven-artifact-3.9.6.jar
2024-10-05 17:13:42,644 [Worker-15: Launching Executing install in C__Users_priya_Downloads_dcobankpro (1)_dcobankpro] INFO  o.eclipse.m2e.core.internal.Bundles - 	Entry: C:\Users\priya\.p2\pool\plugins\org.eclipse.m2e.maven.runtime_3.9.600.20231203-1234\jars\maven-builder-support-3.9.6.jar
2024-10-05 17:13:42,644 [Worker-15: Launching Executing install in C__Users_priya_Downloads_dcobankpro (1)_dcobankpro] INFO  o.eclipse.m2e.core.internal.Bundles - 	Entry: C:\Users\priya\.p2\pool\plugins\org.eclipse.m2e.maven.runtime_3.9.600.20231203-1234\jars\maven-compat-3.9.6.jar
2024-10-05 17:13:42,644 [Worker-15: Launching Executing install in C__Users_priya_Downloads_dcobankpro (1)_dcobankpro] INFO  o.eclipse.m2e.core.internal.Bundles - 	Entry: C:\Users\priya\.p2\pool\plugins\org.eclipse.m2e.maven.runtime_3.9.600.20231203-1234\jars\maven-core-3.9.6.jar
2024-10-05 17:13:42,646 [Worker-15: Launching Executing install in C__Users_priya_Downloads_dcobankpro (1)_dcobankpro] INFO  o.eclipse.m2e.core.internal.Bundles - 	Entry: C:\Users\priya\.p2\pool\plugins\org.eclipse.m2e.maven.runtime_3.9.600.20231203-1234\jars\maven-embedder-3.9.6.jar
2024-10-05 17:13:42,647 [Worker-15: Launching Executing install in C__Users_priya_Downloads_dcobankpro (1)_dcobankpro] INFO  o.eclipse.m2e.core.internal.Bundles - 	Entry: C:\Users\priya\.p2\pool\plugins\org.eclipse.m2e.maven.runtime_3.9.600.20231203-1234\jars\maven-model-3.9.6.jar
2024-10-05 17:13:42,648 [Worker-15: Launching Executing install in C__Users_priya_Downloads_dcobankpro (1)_dcobankpro] INFO  o.eclipse.m2e.core.internal.Bundles - 	Entry: C:\Users\priya\.p2\pool\plugins\org.eclipse.m2e.maven.runtime_3.9.600.20231203-1234\jars\maven-model-builder-3.9.6.jar
2024-10-05 17:13:42,648 [Worker-15: Launching Executing install in C__Users_priya_Downloads_dcobankpro (1)_dcobankpro] INFO  o.eclipse.m2e.core.internal.Bundles - 	Entry: C:\Users\priya\.p2\pool\plugins\org.eclipse.m2e.maven.runtime_3.9.600.20231203-1234\jars\maven-plugin-api-3.9.6.jar
2024-10-05 17:13:42,650 [Worker-15: Launching Executing install in C__Users_priya_Downloads_dcobankpro (1)_dcobankpro] INFO  o.eclipse.m2e.core.internal.Bundles - 	Entry: C:\Users\priya\.p2\pool\plugins\org.eclipse.m2e.maven.runtime_3.9.600.20231203-1234\jars\maven-repository-metadata-3.9.6.jar
2024-10-05 17:13:42,650 [Worker-15: Launching Executing install in C__Users_priya_Downloads_dcobankpro (1)_dcobankpro] INFO  o.eclipse.m2e.core.internal.Bundles - 	Entry: C:\Users\priya\.p2\pool\plugins\org.eclipse.m2e.maven.runtime_3.9.600.20231203-1234\jars\maven-resolver-api-1.9.18.jar
2024-10-05 17:13:42,650 [Worker-15: Launching Executing install in C__Users_priya_Downloads_dcobankpro (1)_dcobankpro] INFO  o.eclipse.m2e.core.internal.Bundles - 	Entry: C:\Users\priya\.p2\pool\plugins\org.eclipse.m2e.maven.runtime_3.9.600.20231203-1234\jars\maven-resolver-connector-basic-1.9.18.jar
2024-10-05 17:13:42,650 [Worker-15: Launching Executing install in C__Users_priya_Downloads_dcobankpro (1)_dcobankpro] INFO  o.eclipse.m2e.core.internal.Bundles - 	Entry: C:\Users\priya\.p2\pool\plugins\org.eclipse.m2e.maven.runtime_3.9.600.20231203-1234\jars\maven-resolver-impl-1.9.18.jar
2024-10-05 17:13:42,650 [Worker-15: Launching Executing install in C__Users_priya_Downloads_dcobankpro (1)_dcobankpro] INFO  o.eclipse.m2e.core.internal.Bundles - 	Entry: C:\Users\priya\.p2\pool\plugins\org.eclipse.m2e.maven.runtime_3.9.600.20231203-1234\jars\maven-resolver-named-locks-1.9.18.jar
2024-10-05 17:13:42,651 [Worker-15: Launching Executing install in C__Users_priya_Downloads_dcobankpro (1)_dcobankpro] INFO  o.eclipse.m2e.core.internal.Bundles - 	Entry: C:\Users\priya\.p2\pool\plugins\org.eclipse.m2e.maven.runtime_3.9.600.20231203-1234\jars\maven-resolver-provider-3.9.6.jar
2024-10-05 17:13:42,651 [Worker-15: Launching Executing install in C__Users_priya_Downloads_dcobankpro (1)_dcobankpro] INFO  o.eclipse.m2e.core.internal.Bundles - 	Entry: C:\Users\priya\.p2\pool\plugins\org.eclipse.m2e.maven.runtime_3.9.600.20231203-1234\jars\maven-resolver-spi-1.9.18.jar
2024-10-05 17:13:42,652 [Worker-15: Launching Executing install in C__Users_priya_Downloads_dcobankpro (1)_dcobankpro] INFO  o.eclipse.m2e.core.internal.Bundles - 	Entry: C:\Users\priya\.p2\pool\plugins\org.eclipse.m2e.maven.runtime_3.9.600.20231203-1234\jars\maven-resolver-transport-file-1.9.18.jar
2024-10-05 17:13:42,652 [Worker-15: Launching Executing install in C__Users_priya_Downloads_dcobankpro (1)_dcobankpro] INFO  o.eclipse.m2e.core.internal.Bundles - 	Entry: C:\Users\priya\.p2\pool\plugins\org.eclipse.m2e.maven.runtime_3.9.600.20231203-1234\jars\maven-resolver-transport-http-1.9.18.jar
2024-10-05 17:13:42,652 [Worker-15: Launching Executing install in C__Users_priya_Downloads_dcobankpro (1)_dcobankpro] INFO  o.eclipse.m2e.core.internal.Bundles - 	Entry: C:\Users\priya\.p2\pool\plugins\org.eclipse.m2e.maven.runtime_3.9.600.20231203-1234\jars\maven-resolver-transport-wagon-1.9.18.jar
2024-10-05 17:13:42,653 [Worker-15: Launching Executing install in C__Users_priya_Downloads_dcobankpro (1)_dcobankpro] INFO  o.eclipse.m2e.core.internal.Bundles - 	Entry: C:\Users\priya\.p2\pool\plugins\org.eclipse.m2e.maven.runtime_3.9.600.20231203-1234\jars\maven-resolver-util-1.9.18.jar
2024-10-05 17:13:42,653 [Worker-15: Launching Executing install in C__Users_priya_Downloads_dcobankpro (1)_dcobankpro] INFO  o.eclipse.m2e.core.internal.Bundles - 	Entry: C:\Users\priya\.p2\pool\plugins\org.eclipse.m2e.maven.runtime_3.9.600.20231203-1234\jars\maven-settings-3.9.6.jar
2024-10-05 17:13:42,654 [Worker-15: Launching Executing install in C__Users_priya_Downloads_dcobankpro (1)_dcobankpro] INFO  o.eclipse.m2e.core.internal.Bundles - 	Entry: C:\Users\priya\.p2\pool\plugins\org.eclipse.m2e.maven.runtime_3.9.600.20231203-1234\jars\maven-settings-builder-3.9.6.jar
2024-10-05 17:13:42,654 [Worker-15: Launching Executing install in C__Users_priya_Downloads_dcobankpro (1)_dcobankpro] INFO  o.eclipse.m2e.core.internal.Bundles - 	Entry: C:\Users\priya\.p2\pool\plugins\org.eclipse.m2e.maven.runtime_3.9.600.20231203-1234\jars\maven-shared-utils-3.3.4.jar
2024-10-05 17:13:42,654 [Worker-15: Launching Executing install in C__Users_priya_Downloads_dcobankpro (1)_dcobankpro] INFO  o.eclipse.m2e.core.internal.Bundles - 	Entry: C:\Users\priya\.p2\pool\plugins\org.eclipse.m2e.maven.runtime_3.9.600.20231203-1234\jars\org.eclipse.sisu.inject-0.9.0.M2.jar
2024-10-05 17:13:42,654 [Worker-15: Launching Executing install in C__Users_priya_Downloads_dcobankpro (1)_dcobankpro] INFO  o.eclipse.m2e.core.internal.Bundles - 	Entry: C:\Users\priya\.p2\pool\plugins\org.eclipse.m2e.maven.runtime_3.9.600.20231203-1234\jars\org.eclipse.sisu.plexus-0.9.0.M2.jar
2024-10-05 17:13:42,654 [Worker-15: Launching Executing install in C__Users_priya_Downloads_dcobankpro (1)_dcobankpro] INFO  o.eclipse.m2e.core.internal.Bundles - 	Entry: C:\Users\priya\.p2\pool\plugins\org.eclipse.m2e.maven.runtime_3.9.600.20231203-1234\jars\plexus-build-api-0.0.7.jar
2024-10-05 17:13:42,654 [Worker-15: Launching Executing install in C__Users_priya_Downloads_dcobankpro (1)_dcobankpro] INFO  o.eclipse.m2e.core.internal.Bundles - 	Entry: C:\Users\priya\.p2\pool\plugins\org.eclipse.m2e.maven.runtime_3.9.600.20231203-1234\jars\plexus-cipher-2.0.jar
2024-10-05 17:13:42,655 [Worker-15: Launching Executing install in C__Users_priya_Downloads_dcobankpro (1)_dcobankpro] INFO  o.eclipse.m2e.core.internal.Bundles - 	Entry: C:\Users\priya\.p2\pool\plugins\org.eclipse.m2e.maven.runtime_3.9.600.20231203-1234\jars\plexus-classworlds-2.7.0.jar
2024-10-05 17:13:42,655 [Worker-15: Launching Executing install in C__Users_priya_Downloads_dcobankpro (1)_dcobankpro] INFO  o.eclipse.m2e.core.internal.Bundles - 	Entry: C:\Users\priya\.p2\pool\plugins\org.eclipse.m2e.maven.runtime_3.9.600.20231203-1234\jars\plexus-component-annotations-2.1.0.jar
2024-10-05 17:13:42,655 [Worker-15: Launching Executing install in C__Users_priya_Downloads_dcobankpro (1)_dcobankpro] INFO  o.eclipse.m2e.core.internal.Bundles - 	Entry: C:\Users\priya\.p2\pool\plugins\org.eclipse.m2e.maven.runtime_3.9.600.20231203-1234\jars\plexus-interpolation-1.26.jar
2024-10-05 17:13:42,656 [Worker-15: Launching Executing install in C__Users_priya_Downloads_dcobankpro (1)_dcobankpro] INFO  o.eclipse.m2e.core.internal.Bundles - 	Entry: C:\Users\priya\.p2\pool\plugins\org.eclipse.m2e.maven.runtime_3.9.600.20231203-1234\jars\plexus-sec-dispatcher-2.0.jar
2024-10-05 17:13:42,656 [Worker-15: Launching Executing install in C__Users_priya_Downloads_dcobankpro (1)_dcobankpro] INFO  o.eclipse.m2e.core.internal.Bundles - 	Entry: C:\Users\priya\.p2\pool\plugins\org.eclipse.m2e.maven.runtime_3.9.600.20231203-1234\jars\plexus-utils-3.5.1.jar
2024-10-05 17:13:42,656 [Worker-15: Launching Executing install in C__Users_priya_Downloads_dcobankpro (1)_dcobankpro] INFO  o.eclipse.m2e.core.internal.Bundles - 	Entry: C:\Users\priya\.p2\pool\plugins\org.eclipse.m2e.maven.runtime_3.9.600.20231203-1234\jars\wagon-file-3.5.3.jar
2024-10-05 17:13:42,656 [Worker-15: Launching Executing install in C__Users_priya_Downloads_dcobankpro (1)_dcobankpro] INFO  o.eclipse.m2e.core.internal.Bundles - 	Entry: C:\Users\priya\.p2\pool\plugins\org.eclipse.m2e.maven.runtime_3.9.600.20231203-1234\jars\wagon-http-3.5.3.jar
2024-10-05 17:13:42,656 [Worker-15: Launching Executing install in C__Users_priya_Downloads_dcobankpro (1)_dcobankpro] INFO  o.eclipse.m2e.core.internal.Bundles - 	Entry: C:\Users\priya\.p2\pool\plugins\org.eclipse.m2e.maven.runtime_3.9.600.20231203-1234\jars\wagon-http-shared-3.5.3.jar
2024-10-05 17:13:42,659 [Worker-15: Launching Executing install in C__Users_priya_Downloads_dcobankpro (1)_dcobankpro] INFO  o.eclipse.m2e.core.internal.Bundles - 	Entry: C:\Users\priya\.p2\pool\plugins\org.eclipse.m2e.maven.runtime_3.9.600.20231203-1234\jars\wagon-provider-api-3.5.3.jar
2024-10-05 17:13:42,660 [Worker-15: Launching Executing install in C__Users_priya_Downloads_dcobankpro (1)_dcobankpro] INFO  o.eclipse.m2e.core.internal.Bundles - getClasspathEntries(Bundle=com.google.guava_33.0.0.jre [14])
2024-10-05 17:13:42,660 [Worker-15: Launching Executing install in C__Users_priya_Downloads_dcobankpro (1)_dcobankpro] INFO  o.eclipse.m2e.core.internal.Bundles - 	Entry: C:\Users\priya\.p2\pool\plugins\com.google.guava_33.0.0.jre.jar
2024-10-05 17:13:42,660 [Worker-15: Launching Executing install in C__Users_priya_Downloads_dcobankpro (1)_dcobankpro] INFO  o.eclipse.m2e.core.internal.Bundles - getClasspathEntries(Bundle=slf4j.api_2.0.13 [998])
2024-10-05 17:13:42,661 [Worker-15: Launching Executing install in C__Users_priya_Downloads_dcobankpro (1)_dcobankpro] INFO  o.eclipse.m2e.core.internal.Bundles - 	Entry: C:\Users\priya\.p2\pool\plugins\slf4j.api_2.0.13.jar
2024-10-05 17:13:42,669 [Worker-15: Launching Executing install in C__Users_priya_Downloads_dcobankpro (1)_dcobankpro] INFO  o.eclipse.m2e.core.internal.Bundles - getClasspathEntries(Bundle=jakarta.inject.jakarta.inject-api_1.0.5 [32])
2024-10-05 17:13:42,670 [Worker-15: Launching Executing install in C__Users_priya_Downloads_dcobankpro (1)_dcobankpro] INFO  o.eclipse.m2e.core.internal.Bundles - 	Entry: C:\Users\priya\.p2\pool\plugins\jakarta.inject.jakarta.inject-api_1.0.5.jar
2024-10-05 17:13:42,670 [Worker-15: Launching Executing install in C__Users_priya_Downloads_dcobankpro (1)_dcobankpro] INFO  o.eclipse.m2e.core.internal.Bundles - getClasspathEntries(Bundle=jakarta.annotation-api_1.3.5 [27])
2024-10-05 17:13:42,670 [Worker-15: Launching Executing install in C__Users_priya_Downloads_dcobankpro (1)_dcobankpro] INFO  o.eclipse.m2e.core.internal.Bundles - 	Entry: C:\Users\priya\.p2\pool\plugins\jakarta.annotation-api_1.3.5.jar
2024-10-05 17:13:42,671 [Worker-15: Launching Executing install in C__Users_priya_Downloads_dcobankpro (1)_dcobankpro] INFO  o.eclipse.m2e.core.internal.Bundles - getClasspathEntries(Bundle=org.apache.commons.cli_1.6.0 [75])
2024-10-05 17:13:42,671 [Worker-15: Launching Executing install in C__Users_priya_Downloads_dcobankpro (1)_dcobankpro] INFO  o.eclipse.m2e.core.internal.Bundles - 	Entry: C:\Users\priya\.p2\pool\plugins\org.apache.commons.cli_1.6.0.jar
2024-10-05 17:13:42,671 [Worker-15: Launching Executing install in C__Users_priya_Downloads_dcobankpro (1)_dcobankpro] INFO  o.eclipse.m2e.core.internal.Bundles - getClasspathEntries(Bundle=org.apache.commons.commons-codec_1.16.0 [78])
2024-10-05 17:13:42,672 [Worker-15: Launching Executing install in C__Users_priya_Downloads_dcobankpro (1)_dcobankpro] INFO  o.eclipse.m2e.core.internal.Bundles - 	Entry: C:\Users\priya\.p2\pool\plugins\org.apache.commons.commons-codec_1.16.0.jar
2024-10-05 17:13:42,672 [Worker-15: Launching Executing install in C__Users_priya_Downloads_dcobankpro (1)_dcobankpro] INFO  o.eclipse.m2e.core.internal.Bundles - getClasspathEntries(Bundle=org.apache.commons.lang3_3.14.0 [86])
2024-10-05 17:13:42,673 [Worker-15: Launching Executing install in C__Users_priya_Downloads_dcobankpro (1)_dcobankpro] INFO  o.eclipse.m2e.core.internal.Bundles - 	Entry: C:\Users\priya\.p2\pool\plugins\org.apache.commons.lang3_3.14.0.jar
2024-10-05 17:13:42,673 [Worker-15: Launching Executing install in C__Users_priya_Downloads_dcobankpro (1)_dcobankpro] INFO  o.eclipse.m2e.core.internal.Bundles - getClasspathEntries(Bundle=com.google.guava.failureaccess_1.0.2 [15])
2024-10-05 17:13:42,674 [Worker-15: Launching Executing install in C__Users_priya_Downloads_dcobankpro (1)_dcobankpro] INFO  o.eclipse.m2e.core.internal.Bundles - 	Entry: C:\Users\priya\.p2\pool\plugins\com.google.guava.failureaccess_1.0.2.jar
2024-10-05 17:13:42,675 [Worker-15: Launching Executing install in C__Users_priya_Downloads_dcobankpro (1)_dcobankpro] INFO  o.e.m.i.launch.MavenLaunchDelegate - Run build in "C:\Users\priya\Downloads\dcobankpro (1)\dcobankpro":
2024-10-05 17:13:42,675 [Worker-15: Launching Executing install in C__Users_priya_Downloads_dcobankpro (1)_dcobankpro] INFO  o.e.m.i.launch.MavenLaunchDelegate -  mvn  -B -Dstyle.color=always install
2024-10-05 17:24:12,603 [Worker-16: Importing Maven projects] INFO  o.e.m.c.i.l.LifecycleMappingFactory - Using org.eclipse.m2e.jdt.JarLifecycleMapping lifecycle mapping for MavenProject: com.hcl:test:0.0.1-SNAPSHOT @ C:\Users\priya\Downloads\test\test\pom.xml.
2024-10-05 17:24:14,546 [Worker-16: Importing Maven projects] INFO  o.e.m.j.i.AbstractJavaProjectConfigurator - Adding source folder /test/src/main/java
2024-10-05 17:24:14,552 [Worker-16: Importing Maven projects] INFO  o.e.m.j.i.AbstractJavaProjectConfigurator - Adding resource folder /test/src/main/resources
2024-10-05 17:24:14,565 [Worker-16: Importing Maven projects] INFO  o.e.m.j.i.AbstractJavaProjectConfigurator - Adding resource folder /test/src/main/resources
2024-10-05 17:24:14,572 [Worker-16: Importing Maven projects] INFO  o.e.m.j.i.AbstractJavaProjectConfigurator - Adding source folder /test/src/test/java
2024-10-05 17:24:14,573 [Worker-16: Importing Maven projects] INFO  o.e.m.j.i.AbstractJavaProjectConfigurator - Adding resource folder /test/src/test/resources
2024-10-05 17:24:14,574 [Worker-16: Importing Maven projects] ERROR o.e.m.j.i.AbstractJavaProjectConfigurator - Failed to find a compatible VM for environment id 'JavaSE-21', falling back to workspace default
2024-10-05 17:24:15,269 [Worker-16: Importing Maven projects] INFO  o.e.m.c.i.p.ProjectConfigurationManager - Imported and configured 1 project(s) in 4 sec
2024-10-05 17:24:15,873 [Worker-20: Building] INFO  o.a.m.s.f.DefaultMavenResourcesFiltering - Copying 1 resource from src\main\resources to target\classes
2024-10-05 17:24:15,899 [Worker-20: Building] INFO  o.a.m.s.f.DefaultMavenResourcesFiltering - Copying 0 resource from src\main\resources to target\classes
2024-10-05 17:24:15,907 [Worker-20: Building] INFO  o.a.m.s.f.DefaultMavenResourcesFiltering - skip non existing resourceDirectory C:\Users\priya\Downloads\test\test\src\test\resources
2024-10-07 18:29:34,907 [Worker-0: Loading available Gradle versions] INFO  o.e.b.c.i.u.g.PublishedGradleVersions - Gradle version information cache is out-of-date. Trying to update.
2024-10-07 18:30:05,970 [Worker-6: reload maven project] ERROR o.e.m2e.editor.pom.MavenPomEditor - failed to load maven project for org.eclipse.ui.part.FileEditorInput(/dcobankpro/pom.xml)
org.eclipse.core.runtime.CoreException: Could not read maven project
	at org.eclipse.m2e.core.internal.project.registry.ProjectRegistryManager.readProjectWithDependencies(ProjectRegistryManager.java:913)
	at org.eclipse.m2e.core.internal.project.registry.MavenProjectCache$CacheLine.lambda$1(MavenProjectCache.java:192)
	at java.base/java.util.concurrent.ConcurrentHashMap.computeIfAbsent(ConcurrentHashMap.java:1710)
	at org.eclipse.m2e.core.internal.project.registry.MavenProjectCache$CacheLine.getProject(MavenProjectCache.java:191)
	at org.eclipse.m2e.core.internal.project.registry.MavenProjectCache.getMavenProject(MavenProjectCache.java:105)
	at org.eclipse.m2e.core.internal.project.registry.ProjectRegistryManager.lambda$24(ProjectRegistryManager.java:1097)
	at java.base/java.util.Map.computeIfAbsent(Map.java:1067)
	at org.eclipse.m2e.core.internal.project.registry.ProjectRegistryManager.getMavenProject(ProjectRegistryManager.java:1096)
	at org.eclipse.m2e.core.internal.project.registry.MavenProjectFacade.getMavenProject(MavenProjectFacade.java:289)
	at org.eclipse.m2e.core.ui.internal.actions.SelectionUtil.getMavenProject(SelectionUtil.java:241)
	at org.eclipse.m2e.editor.pom.MavenPomEditor.readMavenProject(MavenPomEditor.java:709)
	at org.eclipse.m2e.editor.pom.MavenPomEditor$4.run(MavenPomEditor.java:1029)
	at org.eclipse.core.internal.jobs.Worker.run(Worker.java:63)
2024-10-07 18:30:09,505 [Worker-9: Building] ERROR o.e.m.c.i.p.r.ProjectRegistryManager - File not found: C:\Users\priya\Downloads\test\test\pom.xml.
org.eclipse.core.internal.resources.ResourceException: File not found: C:\Users\priya\Downloads\test\test\pom.xml.
	at org.eclipse.core.internal.localstore.FileSystemResourceManager.read(FileSystemResourceManager.java:877)
	at org.eclipse.core.internal.resources.File.getContents(File.java:299)
	at org.eclipse.core.internal.resources.File.getContents(File.java:290)
	at org.eclipse.m2e.core.internal.project.registry.ProjectRegistryManager.refreshPhase2(ProjectRegistryManager.java:585)
	at org.eclipse.m2e.core.internal.project.registry.ProjectRegistryManager.refresh(ProjectRegistryManager.java:487)
	at org.eclipse.m2e.core.internal.project.registry.ProjectRegistryManager.refresh(ProjectRegistryManager.java:366)
	at org.eclipse.m2e.core.internal.project.registry.ProjectRegistryManager.refresh(ProjectRegistryManager.java:318)
	at org.eclipse.m2e.core.internal.builder.MavenBuilder$BuildMethod.getProjectFacade(MavenBuilder.java:146)
	at org.eclipse.m2e.core.internal.builder.MavenBuilder$BuildMethod.lambda$0(MavenBuilder.java:84)
	at org.eclipse.m2e.core.internal.embedder.MavenExecutionContext.executeBare(MavenExecutionContext.java:458)
	at org.eclipse.m2e.core.internal.embedder.MavenExecutionContext.execute(MavenExecutionContext.java:339)
	at org.eclipse.m2e.core.internal.embedder.MavenExecutionContext.execute(MavenExecutionContext.java:278)
	at org.eclipse.m2e.core.internal.builder.MavenBuilder$BuildMethod.execute(MavenBuilder.java:83)
	at org.eclipse.m2e.core.internal.builder.MavenBuilder.build(MavenBuilder.java:192)
	at org.eclipse.core.internal.events.BuildManager$2.run(BuildManager.java:1077)
	at org.eclipse.core.runtime.SafeRunner.run(SafeRunner.java:47)
	at org.eclipse.core.internal.events.BuildManager.basicBuild(BuildManager.java:296)
	at org.eclipse.core.internal.events.BuildManager.basicBuild(BuildManager.java:352)
	at org.eclipse.core.internal.events.BuildManager$1.run(BuildManager.java:441)
	at org.eclipse.core.runtime.SafeRunner.run(SafeRunner.java:47)
	at org.eclipse.core.internal.events.BuildManager.basicBuild(BuildManager.java:444)
	at org.eclipse.core.internal.events.BuildManager.basicBuildLoop(BuildManager.java:555)
	at org.eclipse.core.internal.events.BuildManager.basicBuildLoop(BuildManager.java:503)
	at org.eclipse.core.internal.events.BuildManager.build(BuildManager.java:585)
	at org.eclipse.core.internal.events.AutoBuildJob.doBuild(AutoBuildJob.java:207)
	at org.eclipse.core.internal.events.AutoBuildJob.run(AutoBuildJob.java:300)
	at org.eclipse.core.internal.jobs.Worker.run(Worker.java:63)
Caused by: java.lang.Exception: File not found: C:\Users\priya\Downloads\test\test\pom.xml.
	at org.eclipse.core.internal.resources.ResourceException.provideStackTrace(ResourceException.java:42)
	at org.eclipse.core.internal.resources.ResourceException.<init>(ResourceException.java:38)
	... 27 common frames omitted
2024-10-07 18:35:55,788 [Worker-12: Importing Maven projects] INFO  o.e.m.c.i.l.LifecycleMappingFactory - Using org.eclipse.m2e.jdt.JarLifecycleMapping lifecycle mapping for MavenProject: com.ibm:dcobankpro:0.0.1-SNAPSHOT @ C:\Users\priya\Downloads\dcobankpro\dcobankpro\pom.xml.
2024-10-07 18:35:57,413 [Worker-12: Importing Maven projects] ERROR o.e.m.j.i.l.MavenLaunchConfigurationListener - Launch configuration DcobankproApplication references non-existing project dcobankpro.
org.eclipse.core.runtime.CoreException: Launch configuration DcobankproApplication references non-existing project dcobankpro.
	at org.eclipse.jdt.launching.JavaRuntime.abort(JavaRuntime.java:1862)
	at org.eclipse.jdt.launching.JavaRuntime.getJavaProject(JavaRuntime.java:1739)
	at org.eclipse.m2e.jdt.internal.launch.MavenLaunchConfigurationListener.updateLaunchConfiguration(MavenLaunchConfigurationListener.java:64)
	at org.eclipse.m2e.jdt.internal.launch.MavenLaunchConfigurationListener.launchConfigurationChanged(MavenLaunchConfigurationListener.java:50)
	at org.eclipse.debug.internal.core.LaunchManager$ConfigurationNotifier.run(LaunchManager.java:220)
	at org.eclipse.core.runtime.SafeRunner.run(SafeRunner.java:47)
	at org.eclipse.debug.internal.core.LaunchManager$ConfigurationNotifier.notify(LaunchManager.java:204)
	at org.eclipse.debug.internal.core.LaunchConfigurationWorkingCopy.setDirty(LaunchConfigurationWorkingCopy.java:527)
	at org.eclipse.debug.internal.core.LaunchConfigurationWorkingCopy.setAttribute(LaunchConfigurationWorkingCopy.java:415)
	at org.eclipse.m2e.jdt.internal.launch.MavenRuntimeClasspathProvider.enable(MavenRuntimeClasspathProvider.java:403)
	at org.eclipse.m2e.jdt.internal.launch.MavenRuntimeClasspathProvider.enable(MavenRuntimeClasspathProvider.java:397)
	at org.eclipse.m2e.jdt.internal.launch.MavenRuntimeClasspathProvider.enable(MavenRuntimeClasspathProvider.java:427)
	at org.eclipse.m2e.jdt.internal.launch.MavenLaunchConfigurationListener.mavenProjectChanged(MavenLaunchConfigurationListener.java:132)
	at org.eclipse.m2e.core.internal.project.registry.ProjectRegistryManager.notifyProjectChangeListeners(ProjectRegistryManager.java:888)
	at org.eclipse.m2e.core.internal.project.registry.ProjectRegistryManager.applyMutableProjectRegistry(ProjectRegistryManager.java:1038)
	at org.eclipse.m2e.core.internal.project.registry.ProjectRegistryManager.refresh(ProjectRegistryManager.java:320)
	at org.eclipse.m2e.core.internal.project.ProjectConfigurationManager.configureNewMavenProjects(ProjectConfigurationManager.java:255)
	at org.eclipse.m2e.core.internal.project.ProjectConfigurationManager.lambda$1(ProjectConfigurationManager.java:165)
	at org.eclipse.m2e.core.internal.embedder.MavenExecutionContext.executeBare(MavenExecutionContext.java:458)
	at org.eclipse.m2e.core.internal.embedder.MavenExecutionContext.execute(MavenExecutionContext.java:339)
	at org.eclipse.m2e.core.internal.embedder.MavenExecutionContext.execute(MavenExecutionContext.java:278)
	at org.eclipse.m2e.core.internal.project.ProjectConfigurationManager.importProjects(ProjectConfigurationManager.java:138)
	at org.eclipse.m2e.core.ui.internal.wizards.ImportMavenProjectsJob$1.doCreateMavenProjects(ImportMavenProjectsJob.java:71)
	at org.eclipse.m2e.core.ui.internal.wizards.AbstractCreateMavenProjectsOperation.run(AbstractCreateMavenProjectsOperation.java:56)
	at org.eclipse.m2e.core.ui.internal.wizards.ImportMavenProjectsJob.runInWorkspace(ImportMavenProjectsJob.java:80)
	at org.eclipse.core.internal.resources.InternalWorkspaceJob.run(InternalWorkspaceJob.java:43)
	at org.eclipse.core.internal.jobs.Worker.run(Worker.java:63)
2024-10-07 18:35:57,415 [Worker-12: Importing Maven projects] ERROR o.e.m.j.i.l.MavenLaunchConfigurationListener - Launch configuration DcobankproApplication references non-existing project dcobankpro.
org.eclipse.core.runtime.CoreException: Launch configuration DcobankproApplication references non-existing project dcobankpro.
	at org.eclipse.jdt.launching.JavaRuntime.abort(JavaRuntime.java:1862)
	at org.eclipse.jdt.launching.JavaRuntime.getJavaProject(JavaRuntime.java:1739)
	at org.eclipse.m2e.jdt.internal.launch.MavenLaunchConfigurationListener.updateLaunchConfiguration(MavenLaunchConfigurationListener.java:64)
	at org.eclipse.m2e.jdt.internal.launch.MavenLaunchConfigurationListener.launchConfigurationChanged(MavenLaunchConfigurationListener.java:50)
	at org.eclipse.debug.internal.core.LaunchManager$ConfigurationNotifier.run(LaunchManager.java:220)
	at org.eclipse.core.runtime.SafeRunner.run(SafeRunner.java:47)
	at org.eclipse.debug.internal.core.LaunchManager$ConfigurationNotifier.notify(LaunchManager.java:204)
	at org.eclipse.debug.internal.core.LaunchConfigurationWorkingCopy.setDirty(LaunchConfigurationWorkingCopy.java:527)
	at org.eclipse.debug.internal.core.LaunchConfigurationWorkingCopy.setAttribute(LaunchConfigurationWorkingCopy.java:415)
	at org.eclipse.m2e.jdt.internal.launch.MavenRuntimeClasspathProvider.enable(MavenRuntimeClasspathProvider.java:404)
	at org.eclipse.m2e.jdt.internal.launch.MavenRuntimeClasspathProvider.enable(MavenRuntimeClasspathProvider.java:397)
	at org.eclipse.m2e.jdt.internal.launch.MavenRuntimeClasspathProvider.enable(MavenRuntimeClasspathProvider.java:427)
	at org.eclipse.m2e.jdt.internal.launch.MavenLaunchConfigurationListener.mavenProjectChanged(MavenLaunchConfigurationListener.java:132)
	at org.eclipse.m2e.core.internal.project.registry.ProjectRegistryManager.notifyProjectChangeListeners(ProjectRegistryManager.java:888)
	at org.eclipse.m2e.core.internal.project.registry.ProjectRegistryManager.applyMutableProjectRegistry(ProjectRegistryManager.java:1038)
	at org.eclipse.m2e.core.internal.project.registry.ProjectRegistryManager.refresh(ProjectRegistryManager.java:320)
	at org.eclipse.m2e.core.internal.project.ProjectConfigurationManager.configureNewMavenProjects(ProjectConfigurationManager.java:255)
	at org.eclipse.m2e.core.internal.project.ProjectConfigurationManager.lambda$1(ProjectConfigurationManager.java:165)
	at org.eclipse.m2e.core.internal.embedder.MavenExecutionContext.executeBare(MavenExecutionContext.java:458)
	at org.eclipse.m2e.core.internal.embedder.MavenExecutionContext.execute(MavenExecutionContext.java:339)
	at org.eclipse.m2e.core.internal.embedder.MavenExecutionContext.execute(MavenExecutionContext.java:278)
	at org.eclipse.m2e.core.internal.project.ProjectConfigurationManager.importProjects(ProjectConfigurationManager.java:138)
	at org.eclipse.m2e.core.ui.internal.wizards.ImportMavenProjectsJob$1.doCreateMavenProjects(ImportMavenProjectsJob.java:71)
	at org.eclipse.m2e.core.ui.internal.wizards.AbstractCreateMavenProjectsOperation.run(AbstractCreateMavenProjectsOperation.java:56)
	at org.eclipse.m2e.core.ui.internal.wizards.ImportMavenProjectsJob.runInWorkspace(ImportMavenProjectsJob.java:80)
	at org.eclipse.core.internal.resources.InternalWorkspaceJob.run(InternalWorkspaceJob.java:43)
	at org.eclipse.core.internal.jobs.Worker.run(Worker.java:63)
2024-10-07 18:35:57,420 [Worker-12: Importing Maven projects] ERROR o.e.m.j.i.l.MavenLaunchConfigurationListener - Launch configuration DcobankproApplication references non-existing project dcobankpro.
org.eclipse.core.runtime.CoreException: Launch configuration DcobankproApplication references non-existing project dcobankpro.
	at org.eclipse.jdt.launching.JavaRuntime.abort(JavaRuntime.java:1862)
	at org.eclipse.jdt.launching.JavaRuntime.getJavaProject(JavaRuntime.java:1739)
	at org.eclipse.m2e.jdt.internal.launch.MavenLaunchConfigurationListener.updateLaunchConfiguration(MavenLaunchConfigurationListener.java:64)
	at org.eclipse.m2e.jdt.internal.launch.MavenLaunchConfigurationListener.launchConfigurationChanged(MavenLaunchConfigurationListener.java:50)
	at org.eclipse.debug.internal.core.LaunchManager$ConfigurationNotifier.run(LaunchManager.java:220)
	at org.eclipse.core.runtime.SafeRunner.run(SafeRunner.java:47)
	at org.eclipse.debug.internal.core.LaunchManager$ConfigurationNotifier.notify(LaunchManager.java:204)
	at org.eclipse.debug.internal.core.LaunchManager.launchConfigurationChanged(LaunchManager.java:2010)
	at org.eclipse.debug.internal.core.LaunchConfigurationWorkingCopy.writeNewFile(LaunchConfigurationWorkingCopy.java:380)
	at org.eclipse.debug.internal.core.LaunchConfigurationWorkingCopy.doSave0(LaunchConfigurationWorkingCopy.java:259)
	at org.eclipse.debug.internal.core.LaunchConfigurationWorkingCopy.doSave(LaunchConfigurationWorkingCopy.java:229)
	at org.eclipse.debug.internal.core.LaunchConfigurationWorkingCopy.doSave(LaunchConfigurationWorkingCopy.java:187)
	at org.eclipse.m2e.jdt.internal.launch.MavenRuntimeClasspathProvider.enable(MavenRuntimeClasspathProvider.java:398)
	at org.eclipse.m2e.jdt.internal.launch.MavenRuntimeClasspathProvider.enable(MavenRuntimeClasspathProvider.java:427)
	at org.eclipse.m2e.jdt.internal.launch.MavenLaunchConfigurationListener.mavenProjectChanged(MavenLaunchConfigurationListener.java:132)
	at org.eclipse.m2e.core.internal.project.registry.ProjectRegistryManager.notifyProjectChangeListeners(ProjectRegistryManager.java:888)
	at org.eclipse.m2e.core.internal.project.registry.ProjectRegistryManager.applyMutableProjectRegistry(ProjectRegistryManager.java:1038)
	at org.eclipse.m2e.core.internal.project.registry.ProjectRegistryManager.refresh(ProjectRegistryManager.java:320)
	at org.eclipse.m2e.core.internal.project.ProjectConfigurationManager.configureNewMavenProjects(ProjectConfigurationManager.java:255)
	at org.eclipse.m2e.core.internal.project.ProjectConfigurationManager.lambda$1(ProjectConfigurationManager.java:165)
	at org.eclipse.m2e.core.internal.embedder.MavenExecutionContext.executeBare(MavenExecutionContext.java:458)
	at org.eclipse.m2e.core.internal.embedder.MavenExecutionContext.execute(MavenExecutionContext.java:339)
	at org.eclipse.m2e.core.internal.embedder.MavenExecutionContext.execute(MavenExecutionContext.java:278)
	at org.eclipse.m2e.core.internal.project.ProjectConfigurationManager.importProjects(ProjectConfigurationManager.java:138)
	at org.eclipse.m2e.core.ui.internal.wizards.ImportMavenProjectsJob$1.doCreateMavenProjects(ImportMavenProjectsJob.java:71)
	at org.eclipse.m2e.core.ui.internal.wizards.AbstractCreateMavenProjectsOperation.run(AbstractCreateMavenProjectsOperation.java:56)
	at org.eclipse.m2e.core.ui.internal.wizards.ImportMavenProjectsJob.runInWorkspace(ImportMavenProjectsJob.java:80)
	at org.eclipse.core.internal.resources.InternalWorkspaceJob.run(InternalWorkspaceJob.java:43)
	at org.eclipse.core.internal.jobs.Worker.run(Worker.java:63)
2024-10-07 18:35:57,758 [Worker-12: Importing Maven projects] INFO  o.e.m.j.i.AbstractJavaProjectConfigurator - Adding source folder /dcobankpro/src/main/java
2024-10-07 18:35:57,761 [Worker-12: Importing Maven projects] INFO  o.e.m.j.i.AbstractJavaProjectConfigurator - Adding resource folder /dcobankpro/src/main/resources
2024-10-07 18:35:57,769 [Worker-12: Importing Maven projects] INFO  o.e.m.j.i.AbstractJavaProjectConfigurator - Adding resource folder /dcobankpro/src/main/resources
2024-10-07 18:35:57,774 [Worker-12: Importing Maven projects] INFO  o.e.m.j.i.AbstractJavaProjectConfigurator - Adding source folder /dcobankpro/src/test/java
2024-10-07 18:35:57,775 [Worker-12: Importing Maven projects] INFO  o.e.m.j.i.AbstractJavaProjectConfigurator - Adding resource folder /dcobankpro/src/test/resources
2024-10-07 18:35:57,779 [Worker-12: Importing Maven projects] ERROR o.e.m.j.i.AbstractJavaProjectConfigurator - Failed to find a compatible VM for environment id 'JavaSE-21', falling back to workspace default
2024-10-07 18:35:58,213 [Worker-12: Importing Maven projects] INFO  o.e.m.c.i.p.ProjectConfigurationManager - Imported and configured 1 project(s) in 4 sec
2024-10-07 18:35:58,430 [Worker-12: Updating Maven Project] INFO  o.e.m.c.i.p.ProjectConfigurationManager - Update started
2024-10-07 18:35:59,110 [Worker-12: Updating Maven Project] INFO  o.e.m.c.i.l.LifecycleMappingFactory - Using org.eclipse.m2e.jdt.JarLifecycleMapping lifecycle mapping for MavenProject: com.ibm:dcobankpro:0.0.1-SNAPSHOT @ C:\Users\priya\Downloads\dcobankpro\dcobankpro\pom.xml.
2024-10-07 18:36:00,152 [Worker-12: Updating Maven Project] INFO  o.e.m.j.i.AbstractJavaProjectConfigurator - Adding source folder /dcobankpro/src/main/java
2024-10-07 18:36:00,156 [Worker-12: Updating Maven Project] INFO  o.e.m.j.i.AbstractJavaProjectConfigurator - Adding resource folder /dcobankpro/src/main/resources
2024-10-07 18:36:00,157 [Worker-12: Updating Maven Project] INFO  o.e.m.j.i.AbstractJavaProjectConfigurator - Adding resource folder /dcobankpro/src/main/resources
2024-10-07 18:36:00,160 [Worker-12: Updating Maven Project] INFO  o.e.m.j.i.AbstractJavaProjectConfigurator - Adding source folder /dcobankpro/src/test/java
2024-10-07 18:36:00,162 [Worker-12: Updating Maven Project] INFO  o.e.m.j.i.AbstractJavaProjectConfigurator - Adding resource folder /dcobankpro/src/test/resources
2024-10-07 18:36:00,162 [Worker-12: Updating Maven Project] ERROR o.e.m.j.i.AbstractJavaProjectConfigurator - Failed to find a compatible VM for environment id 'JavaSE-21', falling back to workspace default
2024-10-07 18:36:00,657 [Worker-12: Updating Maven Project] INFO  o.e.m.c.i.p.ProjectConfigurationManager - Update completed for 1 poms: local refresh takes 0.00 sec, refresh facades takes 1.00 sec, update config takes 0.00 sec 
2024-10-07 18:36:01,476 [Worker-17: Building] INFO  o.a.m.s.f.DefaultMavenResourcesFiltering - Copying 1 resource from src\main\resources to target\classes
2024-10-07 18:36:01,493 [Worker-17: Building] INFO  o.a.m.s.f.DefaultMavenResourcesFiltering - Copying 0 resource from src\main\resources to target\classes
2024-10-07 18:36:01,499 [Worker-17: Building] INFO  o.a.m.s.f.DefaultMavenResourcesFiltering - skip non existing resourceDirectory C:\Users\priya\Downloads\dcobankpro\dcobankpro\src\test\resources
2024-10-07 18:42:18,651 [Worker-19: Building] INFO  o.a.m.s.f.DefaultMavenResourcesFiltering - Copying 1 resource from src\main\resources to target\classes
2024-10-07 18:42:18,834 [Worker-19: Building] INFO  o.a.m.s.f.DefaultMavenResourcesFiltering - Copying 0 resource from src\main\resources to target\classes
2024-10-07 18:42:18,849 [Worker-19: Building] INFO  o.a.m.s.f.DefaultMavenResourcesFiltering - skip non existing resourceDirectory C:\Users\priya\Downloads\dcobankpro\dcobankpro\src\test\resources
2024-10-07 18:45:57,449 [Worker-12: Building] INFO  o.a.m.s.f.DefaultMavenResourcesFiltering - Copying 1 resource from src\main\resources to target\classes
2024-10-07 18:45:57,460 [Worker-12: Building] INFO  o.a.m.s.f.DefaultMavenResourcesFiltering - Copying 0 resource from src\main\resources to target\classes
2024-10-07 18:45:57,464 [Worker-12: Building] INFO  o.a.m.s.f.DefaultMavenResourcesFiltering - skip non existing resourceDirectory C:\Users\priya\Downloads\dcobankpro\dcobankpro\src\test\resources
2024-10-07 18:48:07,869 [Worker-22: Building] INFO  o.a.m.s.f.DefaultMavenResourcesFiltering - Copying 1 resource from src\main\resources to target\classes
2024-10-07 18:48:07,880 [Worker-22: Building] INFO  o.a.m.s.f.DefaultMavenResourcesFiltering - Copying 0 resource from src\main\resources to target\classes
2024-10-07 18:48:07,884 [Worker-22: Building] INFO  o.a.m.s.f.DefaultMavenResourcesFiltering - skip non existing resourceDirectory C:\Users\priya\Downloads\dcobankpro\dcobankpro\src\test\resources
2024-10-07 18:48:54,017 [Worker-18: Building] INFO  o.a.m.s.f.DefaultMavenResourcesFiltering - Copying 1 resource from src\main\resources to target\classes
2024-10-07 18:48:54,038 [Worker-18: Building] INFO  o.a.m.s.f.DefaultMavenResourcesFiltering - Copying 0 resource from src\main\resources to target\classes
2024-10-07 18:48:54,043 [Worker-18: Building] INFO  o.a.m.s.f.DefaultMavenResourcesFiltering - skip non existing resourceDirectory C:\Users\priya\Downloads\dcobankpro\dcobankpro\src\test\resources
2024-10-07 18:49:50,644 [Worker-21: Launching Executing install in C__Users_priya_Downloads_dcobankpro_dcobankpro] INFO  o.eclipse.m2e.core.internal.Bundles - getClasspathEntries(Bundle=org.eclipse.m2e.maven.runtime_3.9.600.20231203-1234 [635])
2024-10-07 18:49:50,646 [Worker-21: Launching Executing install in C__Users_priya_Downloads_dcobankpro_dcobankpro] INFO  o.eclipse.m2e.core.internal.Bundles - 	Entry: C:\Users\priya\.p2\pool\plugins\org.eclipse.m2e.maven.runtime_3.9.600.20231203-1234
2024-10-07 18:49:50,647 [Worker-21: Launching Executing install in C__Users_priya_Downloads_dcobankpro_dcobankpro] INFO  o.eclipse.m2e.core.internal.Bundles - 	Entry: C:\Users\priya\.p2\pool\plugins\org.eclipse.m2e.maven.runtime_3.9.600.20231203-1234\jars\aopalliance-1.0.jar
2024-10-07 18:49:50,647 [Worker-21: Launching Executing install in C__Users_priya_Downloads_dcobankpro_dcobankpro] INFO  o.eclipse.m2e.core.internal.Bundles - 	Entry: C:\Users\priya\.p2\pool\plugins\org.eclipse.m2e.maven.runtime_3.9.600.20231203-1234\jars\guice-5.1.0.jar
2024-10-07 18:49:50,647 [Worker-21: Launching Executing install in C__Users_priya_Downloads_dcobankpro_dcobankpro] INFO  o.eclipse.m2e.core.internal.Bundles - 	Entry: C:\Users\priya\.p2\pool\plugins\org.eclipse.m2e.maven.runtime_3.9.600.20231203-1234\jars\httpclient-4.5.14.jar
2024-10-07 18:49:50,647 [Worker-21: Launching Executing install in C__Users_priya_Downloads_dcobankpro_dcobankpro] INFO  o.eclipse.m2e.core.internal.Bundles - 	Entry: C:\Users\priya\.p2\pool\plugins\org.eclipse.m2e.maven.runtime_3.9.600.20231203-1234\jars\httpcore-4.4.16.jar
2024-10-07 18:49:50,647 [Worker-21: Launching Executing install in C__Users_priya_Downloads_dcobankpro_dcobankpro] INFO  o.eclipse.m2e.core.internal.Bundles - 	Entry: C:\Users\priya\.p2\pool\plugins\org.eclipse.m2e.maven.runtime_3.9.600.20231203-1234\jars\jansi-2.4.0.jar
2024-10-07 18:49:50,648 [Worker-21: Launching Executing install in C__Users_priya_Downloads_dcobankpro_dcobankpro] INFO  o.eclipse.m2e.core.internal.Bundles - 	Entry: C:\Users\priya\.p2\pool\plugins\org.eclipse.m2e.maven.runtime_3.9.600.20231203-1234\jars\jcl-over-slf4j-1.7.36.jar
2024-10-07 18:49:50,648 [Worker-21: Launching Executing install in C__Users_priya_Downloads_dcobankpro_dcobankpro] INFO  o.eclipse.m2e.core.internal.Bundles - 	Entry: C:\Users\priya\.p2\pool\plugins\org.eclipse.m2e.maven.runtime_3.9.600.20231203-1234\jars\maven-artifact-3.9.6.jar
2024-10-07 18:49:50,648 [Worker-21: Launching Executing install in C__Users_priya_Downloads_dcobankpro_dcobankpro] INFO  o.eclipse.m2e.core.internal.Bundles - 	Entry: C:\Users\priya\.p2\pool\plugins\org.eclipse.m2e.maven.runtime_3.9.600.20231203-1234\jars\maven-builder-support-3.9.6.jar
2024-10-07 18:49:50,648 [Worker-21: Launching Executing install in C__Users_priya_Downloads_dcobankpro_dcobankpro] INFO  o.eclipse.m2e.core.internal.Bundles - 	Entry: C:\Users\priya\.p2\pool\plugins\org.eclipse.m2e.maven.runtime_3.9.600.20231203-1234\jars\maven-compat-3.9.6.jar
2024-10-07 18:49:50,648 [Worker-21: Launching Executing install in C__Users_priya_Downloads_dcobankpro_dcobankpro] INFO  o.eclipse.m2e.core.internal.Bundles - 	Entry: C:\Users\priya\.p2\pool\plugins\org.eclipse.m2e.maven.runtime_3.9.600.20231203-1234\jars\maven-core-3.9.6.jar
2024-10-07 18:49:50,648 [Worker-21: Launching Executing install in C__Users_priya_Downloads_dcobankpro_dcobankpro] INFO  o.eclipse.m2e.core.internal.Bundles - 	Entry: C:\Users\priya\.p2\pool\plugins\org.eclipse.m2e.maven.runtime_3.9.600.20231203-1234\jars\maven-embedder-3.9.6.jar
2024-10-07 18:49:50,648 [Worker-21: Launching Executing install in C__Users_priya_Downloads_dcobankpro_dcobankpro] INFO  o.eclipse.m2e.core.internal.Bundles - 	Entry: C:\Users\priya\.p2\pool\plugins\org.eclipse.m2e.maven.runtime_3.9.600.20231203-1234\jars\maven-model-3.9.6.jar
2024-10-07 18:49:50,648 [Worker-21: Launching Executing install in C__Users_priya_Downloads_dcobankpro_dcobankpro] INFO  o.eclipse.m2e.core.internal.Bundles - 	Entry: C:\Users\priya\.p2\pool\plugins\org.eclipse.m2e.maven.runtime_3.9.600.20231203-1234\jars\maven-model-builder-3.9.6.jar
2024-10-07 18:49:50,649 [Worker-21: Launching Executing install in C__Users_priya_Downloads_dcobankpro_dcobankpro] INFO  o.eclipse.m2e.core.internal.Bundles - 	Entry: C:\Users\priya\.p2\pool\plugins\org.eclipse.m2e.maven.runtime_3.9.600.20231203-1234\jars\maven-plugin-api-3.9.6.jar
2024-10-07 18:49:50,649 [Worker-21: Launching Executing install in C__Users_priya_Downloads_dcobankpro_dcobankpro] INFO  o.eclipse.m2e.core.internal.Bundles - 	Entry: C:\Users\priya\.p2\pool\plugins\org.eclipse.m2e.maven.runtime_3.9.600.20231203-1234\jars\maven-repository-metadata-3.9.6.jar
2024-10-07 18:49:50,649 [Worker-21: Launching Executing install in C__Users_priya_Downloads_dcobankpro_dcobankpro] INFO  o.eclipse.m2e.core.internal.Bundles - 	Entry: C:\Users\priya\.p2\pool\plugins\org.eclipse.m2e.maven.runtime_3.9.600.20231203-1234\jars\maven-resolver-api-1.9.18.jar
2024-10-07 18:49:50,649 [Worker-21: Launching Executing install in C__Users_priya_Downloads_dcobankpro_dcobankpro] INFO  o.eclipse.m2e.core.internal.Bundles - 	Entry: C:\Users\priya\.p2\pool\plugins\org.eclipse.m2e.maven.runtime_3.9.600.20231203-1234\jars\maven-resolver-connector-basic-1.9.18.jar
2024-10-07 18:49:50,649 [Worker-21: Launching Executing install in C__Users_priya_Downloads_dcobankpro_dcobankpro] INFO  o.eclipse.m2e.core.internal.Bundles - 	Entry: C:\Users\priya\.p2\pool\plugins\org.eclipse.m2e.maven.runtime_3.9.600.20231203-1234\jars\maven-resolver-impl-1.9.18.jar
2024-10-07 18:49:50,650 [Worker-21: Launching Executing install in C__Users_priya_Downloads_dcobankpro_dcobankpro] INFO  o.eclipse.m2e.core.internal.Bundles - 	Entry: C:\Users\priya\.p2\pool\plugins\org.eclipse.m2e.maven.runtime_3.9.600.20231203-1234\jars\maven-resolver-named-locks-1.9.18.jar
2024-10-07 18:49:50,650 [Worker-21: Launching Executing install in C__Users_priya_Downloads_dcobankpro_dcobankpro] INFO  o.eclipse.m2e.core.internal.Bundles - 	Entry: C:\Users\priya\.p2\pool\plugins\org.eclipse.m2e.maven.runtime_3.9.600.20231203-1234\jars\maven-resolver-provider-3.9.6.jar
2024-10-07 18:49:50,651 [Worker-21: Launching Executing install in C__Users_priya_Downloads_dcobankpro_dcobankpro] INFO  o.eclipse.m2e.core.internal.Bundles - 	Entry: C:\Users\priya\.p2\pool\plugins\org.eclipse.m2e.maven.runtime_3.9.600.20231203-1234\jars\maven-resolver-spi-1.9.18.jar
2024-10-07 18:49:50,651 [Worker-21: Launching Executing install in C__Users_priya_Downloads_dcobankpro_dcobankpro] INFO  o.eclipse.m2e.core.internal.Bundles - 	Entry: C:\Users\priya\.p2\pool\plugins\org.eclipse.m2e.maven.runtime_3.9.600.20231203-1234\jars\maven-resolver-transport-file-1.9.18.jar
2024-10-07 18:49:50,651 [Worker-21: Launching Executing install in C__Users_priya_Downloads_dcobankpro_dcobankpro] INFO  o.eclipse.m2e.core.internal.Bundles - 	Entry: C:\Users\priya\.p2\pool\plugins\org.eclipse.m2e.maven.runtime_3.9.600.20231203-1234\jars\maven-resolver-transport-http-1.9.18.jar
2024-10-07 18:49:50,651 [Worker-21: Launching Executing install in C__Users_priya_Downloads_dcobankpro_dcobankpro] INFO  o.eclipse.m2e.core.internal.Bundles - 	Entry: C:\Users\priya\.p2\pool\plugins\org.eclipse.m2e.maven.runtime_3.9.600.20231203-1234\jars\maven-resolver-transport-wagon-1.9.18.jar
2024-10-07 18:49:50,651 [Worker-21: Launching Executing install in C__Users_priya_Downloads_dcobankpro_dcobankpro] INFO  o.eclipse.m2e.core.internal.Bundles - 	Entry: C:\Users\priya\.p2\pool\plugins\org.eclipse.m2e.maven.runtime_3.9.600.20231203-1234\jars\maven-resolver-util-1.9.18.jar
2024-10-07 18:49:50,652 [Worker-21: Launching Executing install in C__Users_priya_Downloads_dcobankpro_dcobankpro] INFO  o.eclipse.m2e.core.internal.Bundles - 	Entry: C:\Users\priya\.p2\pool\plugins\org.eclipse.m2e.maven.runtime_3.9.600.20231203-1234\jars\maven-settings-3.9.6.jar
2024-10-07 18:49:50,652 [Worker-21: Launching Executing install in C__Users_priya_Downloads_dcobankpro_dcobankpro] INFO  o.eclipse.m2e.core.internal.Bundles - 	Entry: C:\Users\priya\.p2\pool\plugins\org.eclipse.m2e.maven.runtime_3.9.600.20231203-1234\jars\maven-settings-builder-3.9.6.jar
2024-10-07 18:49:50,652 [Worker-21: Launching Executing install in C__Users_priya_Downloads_dcobankpro_dcobankpro] INFO  o.eclipse.m2e.core.internal.Bundles - 	Entry: C:\Users\priya\.p2\pool\plugins\org.eclipse.m2e.maven.runtime_3.9.600.20231203-1234\jars\maven-shared-utils-3.3.4.jar
2024-10-07 18:49:50,652 [Worker-21: Launching Executing install in C__Users_priya_Downloads_dcobankpro_dcobankpro] INFO  o.eclipse.m2e.core.internal.Bundles - 	Entry: C:\Users\priya\.p2\pool\plugins\org.eclipse.m2e.maven.runtime_3.9.600.20231203-1234\jars\org.eclipse.sisu.inject-0.9.0.M2.jar
2024-10-07 18:49:50,653 [Worker-21: Launching Executing install in C__Users_priya_Downloads_dcobankpro_dcobankpro] INFO  o.eclipse.m2e.core.internal.Bundles - 	Entry: C:\Users\priya\.p2\pool\plugins\org.eclipse.m2e.maven.runtime_3.9.600.20231203-1234\jars\org.eclipse.sisu.plexus-0.9.0.M2.jar
2024-10-07 18:49:50,653 [Worker-21: Launching Executing install in C__Users_priya_Downloads_dcobankpro_dcobankpro] INFO  o.eclipse.m2e.core.internal.Bundles - 	Entry: C:\Users\priya\.p2\pool\plugins\org.eclipse.m2e.maven.runtime_3.9.600.20231203-1234\jars\plexus-build-api-0.0.7.jar
2024-10-07 18:49:50,653 [Worker-21: Launching Executing install in C__Users_priya_Downloads_dcobankpro_dcobankpro] INFO  o.eclipse.m2e.core.internal.Bundles - 	Entry: C:\Users\priya\.p2\pool\plugins\org.eclipse.m2e.maven.runtime_3.9.600.20231203-1234\jars\plexus-cipher-2.0.jar
2024-10-07 18:49:50,653 [Worker-21: Launching Executing install in C__Users_priya_Downloads_dcobankpro_dcobankpro] INFO  o.eclipse.m2e.core.internal.Bundles - 	Entry: C:\Users\priya\.p2\pool\plugins\org.eclipse.m2e.maven.runtime_3.9.600.20231203-1234\jars\plexus-classworlds-2.7.0.jar
2024-10-07 18:49:50,653 [Worker-21: Launching Executing install in C__Users_priya_Downloads_dcobankpro_dcobankpro] INFO  o.eclipse.m2e.core.internal.Bundles - 	Entry: C:\Users\priya\.p2\pool\plugins\org.eclipse.m2e.maven.runtime_3.9.600.20231203-1234\jars\plexus-component-annotations-2.1.0.jar
2024-10-07 18:49:50,654 [Worker-21: Launching Executing install in C__Users_priya_Downloads_dcobankpro_dcobankpro] INFO  o.eclipse.m2e.core.internal.Bundles - 	Entry: C:\Users\priya\.p2\pool\plugins\org.eclipse.m2e.maven.runtime_3.9.600.20231203-1234\jars\plexus-interpolation-1.26.jar
2024-10-07 18:49:50,654 [Worker-21: Launching Executing install in C__Users_priya_Downloads_dcobankpro_dcobankpro] INFO  o.eclipse.m2e.core.internal.Bundles - 	Entry: C:\Users\priya\.p2\pool\plugins\org.eclipse.m2e.maven.runtime_3.9.600.20231203-1234\jars\plexus-sec-dispatcher-2.0.jar
2024-10-07 18:49:50,654 [Worker-21: Launching Executing install in C__Users_priya_Downloads_dcobankpro_dcobankpro] INFO  o.eclipse.m2e.core.internal.Bundles - 	Entry: C:\Users\priya\.p2\pool\plugins\org.eclipse.m2e.maven.runtime_3.9.600.20231203-1234\jars\plexus-utils-3.5.1.jar
2024-10-07 18:49:50,654 [Worker-21: Launching Executing install in C__Users_priya_Downloads_dcobankpro_dcobankpro] INFO  o.eclipse.m2e.core.internal.Bundles - 	Entry: C:\Users\priya\.p2\pool\plugins\org.eclipse.m2e.maven.runtime_3.9.600.20231203-1234\jars\wagon-file-3.5.3.jar
2024-10-07 18:49:50,655 [Worker-21: Launching Executing install in C__Users_priya_Downloads_dcobankpro_dcobankpro] INFO  o.eclipse.m2e.core.internal.Bundles - 	Entry: C:\Users\priya\.p2\pool\plugins\org.eclipse.m2e.maven.runtime_3.9.600.20231203-1234\jars\wagon-http-3.5.3.jar
2024-10-07 18:49:50,655 [Worker-21: Launching Executing install in C__Users_priya_Downloads_dcobankpro_dcobankpro] INFO  o.eclipse.m2e.core.internal.Bundles - 	Entry: C:\Users\priya\.p2\pool\plugins\org.eclipse.m2e.maven.runtime_3.9.600.20231203-1234\jars\wagon-http-shared-3.5.3.jar
2024-10-07 18:49:50,655 [Worker-21: Launching Executing install in C__Users_priya_Downloads_dcobankpro_dcobankpro] INFO  o.eclipse.m2e.core.internal.Bundles - 	Entry: C:\Users\priya\.p2\pool\plugins\org.eclipse.m2e.maven.runtime_3.9.600.20231203-1234\jars\wagon-provider-api-3.5.3.jar
2024-10-07 18:49:50,657 [Worker-21: Launching Executing install in C__Users_priya_Downloads_dcobankpro_dcobankpro] INFO  o.eclipse.m2e.core.internal.Bundles - getClasspathEntries(Bundle=com.google.guava_33.0.0.jre [14])
2024-10-07 18:49:50,657 [Worker-21: Launching Executing install in C__Users_priya_Downloads_dcobankpro_dcobankpro] INFO  o.eclipse.m2e.core.internal.Bundles - 	Entry: C:\Users\priya\.p2\pool\plugins\com.google.guava_33.0.0.jre.jar
2024-10-07 18:49:50,657 [Worker-21: Launching Executing install in C__Users_priya_Downloads_dcobankpro_dcobankpro] INFO  o.eclipse.m2e.core.internal.Bundles - getClasspathEntries(Bundle=slf4j.api_2.0.13 [998])
2024-10-07 18:49:50,658 [Worker-21: Launching Executing install in C__Users_priya_Downloads_dcobankpro_dcobankpro] INFO  o.eclipse.m2e.core.internal.Bundles - 	Entry: C:\Users\priya\.p2\pool\plugins\slf4j.api_2.0.13.jar
2024-10-07 18:49:50,658 [Worker-21: Launching Executing install in C__Users_priya_Downloads_dcobankpro_dcobankpro] INFO  o.eclipse.m2e.core.internal.Bundles - getClasspathEntries(Bundle=jakarta.inject.jakarta.inject-api_1.0.5 [32])
2024-10-07 18:49:50,658 [Worker-21: Launching Executing install in C__Users_priya_Downloads_dcobankpro_dcobankpro] INFO  o.eclipse.m2e.core.internal.Bundles - 	Entry: C:\Users\priya\.p2\pool\plugins\jakarta.inject.jakarta.inject-api_1.0.5.jar
2024-10-07 18:49:50,658 [Worker-21: Launching Executing install in C__Users_priya_Downloads_dcobankpro_dcobankpro] INFO  o.eclipse.m2e.core.internal.Bundles - getClasspathEntries(Bundle=jakarta.annotation-api_1.3.5 [27])
2024-10-07 18:49:50,659 [Worker-21: Launching Executing install in C__Users_priya_Downloads_dcobankpro_dcobankpro] INFO  o.eclipse.m2e.core.internal.Bundles - 	Entry: C:\Users\priya\.p2\pool\plugins\jakarta.annotation-api_1.3.5.jar
2024-10-07 18:49:50,659 [Worker-21: Launching Executing install in C__Users_priya_Downloads_dcobankpro_dcobankpro] INFO  o.eclipse.m2e.core.internal.Bundles - getClasspathEntries(Bundle=org.apache.commons.cli_1.6.0 [75])
2024-10-07 18:49:50,659 [Worker-21: Launching Executing install in C__Users_priya_Downloads_dcobankpro_dcobankpro] INFO  o.eclipse.m2e.core.internal.Bundles - 	Entry: C:\Users\priya\.p2\pool\plugins\org.apache.commons.cli_1.6.0.jar
2024-10-07 18:49:50,659 [Worker-21: Launching Executing install in C__Users_priya_Downloads_dcobankpro_dcobankpro] INFO  o.eclipse.m2e.core.internal.Bundles - getClasspathEntries(Bundle=org.apache.commons.commons-codec_1.16.0 [78])
2024-10-07 18:49:50,659 [Worker-21: Launching Executing install in C__Users_priya_Downloads_dcobankpro_dcobankpro] INFO  o.eclipse.m2e.core.internal.Bundles - 	Entry: C:\Users\priya\.p2\pool\plugins\org.apache.commons.commons-codec_1.16.0.jar
2024-10-07 18:49:50,659 [Worker-21: Launching Executing install in C__Users_priya_Downloads_dcobankpro_dcobankpro] INFO  o.eclipse.m2e.core.internal.Bundles - getClasspathEntries(Bundle=org.apache.commons.lang3_3.14.0 [86])
2024-10-07 18:49:50,660 [Worker-21: Launching Executing install in C__Users_priya_Downloads_dcobankpro_dcobankpro] INFO  o.eclipse.m2e.core.internal.Bundles - 	Entry: C:\Users\priya\.p2\pool\plugins\org.apache.commons.lang3_3.14.0.jar
2024-10-07 18:49:50,660 [Worker-21: Launching Executing install in C__Users_priya_Downloads_dcobankpro_dcobankpro] INFO  o.eclipse.m2e.core.internal.Bundles - getClasspathEntries(Bundle=com.google.guava.failureaccess_1.0.2 [15])
2024-10-07 18:49:50,660 [Worker-21: Launching Executing install in C__Users_priya_Downloads_dcobankpro_dcobankpro] INFO  o.eclipse.m2e.core.internal.Bundles - 	Entry: C:\Users\priya\.p2\pool\plugins\com.google.guava.failureaccess_1.0.2.jar
2024-10-07 18:49:50,665 [Worker-21: Launching Executing install in C__Users_priya_Downloads_dcobankpro_dcobankpro] INFO  o.e.m.i.launch.MavenLaunchDelegate - Run build in "C:\Users\priya\Downloads\dcobankpro\dcobankpro":
2024-10-07 18:49:50,671 [Worker-21: Launching Executing install in C__Users_priya_Downloads_dcobankpro_dcobankpro] INFO  o.e.m.i.launch.MavenLaunchDelegate -  mvn  -B -Dstyle.color=always install
2024-10-07 19:06:43,254 [Worker-27: Building] INFO  o.a.m.s.f.DefaultMavenResourcesFiltering - Copying 1 resource from src\main\resources to target\classes
2024-10-07 19:06:43,268 [Worker-27: Building] INFO  o.a.m.s.f.DefaultMavenResourcesFiltering - Copying 0 resource from src\main\resources to target\classes
2024-10-07 19:06:43,275 [Worker-27: Building] INFO  o.a.m.s.f.DefaultMavenResourcesFiltering - skip non existing resourceDirectory C:\Users\priya\Downloads\dcobankpro\dcobankpro\src\test\resources
2024-10-07 19:16:04,233 [Worker-22: Launching DcobankproApplication] INFO  o.a.m.s.f.DefaultMavenResourcesFiltering - Copying 1 resource from src\main\resources to target\classes
2024-10-07 19:16:04,251 [Worker-22: Launching DcobankproApplication] INFO  o.a.m.s.f.DefaultMavenResourcesFiltering - Copying 0 resource from src\main\resources to target\classes
2024-10-07 19:16:04,264 [Worker-22: Launching DcobankproApplication] INFO  o.a.m.s.f.DefaultMavenResourcesFiltering - skip non existing resourceDirectory C:\Users\priya\Downloads\dcobankpro\dcobankpro\src\test\resources
2024-10-07 19:18:36,242 [Worker-20: Building] INFO  o.a.m.s.f.DefaultMavenResourcesFiltering - Copying 1 resource from src\main\resources to target\classes
2024-10-07 19:18:36,257 [Worker-20: Building] INFO  o.a.m.s.f.DefaultMavenResourcesFiltering - Copying 0 resource from src\main\resources to target\classes
2024-10-07 19:18:36,270 [Worker-20: Building] INFO  o.a.m.s.f.DefaultMavenResourcesFiltering - skip non existing resourceDirectory C:\Users\priya\Downloads\dcobankpro\dcobankpro\src\test\resources
2024-10-07 19:21:55,174 [Worker-26: Building] INFO  o.a.m.s.f.DefaultMavenResourcesFiltering - Copying 1 resource from src\main\resources to target\classes
2024-10-07 19:21:55,192 [Worker-26: Building] INFO  o.a.m.s.f.DefaultMavenResourcesFiltering - Copying 0 resource from src\main\resources to target\classes
2024-10-07 19:21:55,208 [Worker-26: Building] INFO  o.a.m.s.f.DefaultMavenResourcesFiltering - skip non existing resourceDirectory C:\Users\priya\Downloads\dcobankpro\dcobankpro\src\test\resources
2024-10-07 19:22:32,310 [Worker-26: Building] INFO  o.a.m.s.f.DefaultMavenResourcesFiltering - Copying 1 resource from src\main\resources to target\classes
2024-10-07 19:22:32,317 [Worker-26: Building] INFO  o.a.m.s.f.DefaultMavenResourcesFiltering - Copying 0 resource from src\main\resources to target\classes
2024-10-07 19:22:32,325 [Worker-26: Building] INFO  o.a.m.s.f.DefaultMavenResourcesFiltering - skip non existing resourceDirectory C:\Users\priya\Downloads\dcobankpro\dcobankpro\src\test\resources
2024-10-07 19:24:13,172 [Worker-20: Building] INFO  o.a.m.s.f.DefaultMavenResourcesFiltering - Copying 1 resource from src\main\resources to target\classes
2024-10-07 19:24:13,176 [Worker-20: Building] INFO  o.a.m.s.f.DefaultMavenResourcesFiltering - Copying 0 resource from src\main\resources to target\classes
2024-10-07 19:24:13,180 [Worker-20: Building] INFO  o.a.m.s.f.DefaultMavenResourcesFiltering - skip non existing resourceDirectory C:\Users\priya\Downloads\dcobankpro\dcobankpro\src\test\resources
2024-10-07 19:37:19,345 [Worker-30: Building] INFO  o.a.m.s.f.DefaultMavenResourcesFiltering - Copying 1 resource from src\main\resources to target\classes
2024-10-07 19:37:19,358 [Worker-30: Building] INFO  o.a.m.s.f.DefaultMavenResourcesFiltering - Copying 0 resource from src\main\resources to target\classes
2024-10-07 19:37:19,361 [Worker-30: Building] INFO  o.a.m.s.f.DefaultMavenResourcesFiltering - skip non existing resourceDirectory C:\Users\priya\Downloads\dcobankpro\dcobankpro\src\test\resources
2024-10-07 19:54:02,480 [Worker-29: Building] INFO  o.a.m.s.f.DefaultMavenResourcesFiltering - Copying 1 resource from src\main\resources to target\classes
2024-10-07 19:54:02,499 [Worker-29: Building] INFO  o.a.m.s.f.DefaultMavenResourcesFiltering - Copying 0 resource from src\main\resources to target\classes
2024-10-07 19:54:02,505 [Worker-29: Building] INFO  o.a.m.s.f.DefaultMavenResourcesFiltering - skip non existing resourceDirectory C:\Users\priya\Downloads\dcobankpro\dcobankpro\src\test\resources
2024-10-07 20:01:46,051 [Worker-30: Building] INFO  o.a.m.s.f.DefaultMavenResourcesFiltering - Copying 1 resource from src\main\resources to target\classes
2024-10-07 20:01:46,062 [Worker-30: Building] INFO  o.a.m.s.f.DefaultMavenResourcesFiltering - Copying 0 resource from src\main\resources to target\classes
2024-10-07 20:01:46,071 [Worker-30: Building] INFO  o.a.m.s.f.DefaultMavenResourcesFiltering - skip non existing resourceDirectory C:\Users\priya\Downloads\dcobankpro\dcobankpro\src\test\resources
2024-10-07 20:05:33,579 [Worker-30: Building] INFO  o.a.m.s.f.DefaultMavenResourcesFiltering - Copying 1 resource from src\main\resources to target\classes
2024-10-07 20:05:33,586 [Worker-30: Building] INFO  o.a.m.s.f.DefaultMavenResourcesFiltering - Copying 0 resource from src\main\resources to target\classes
2024-10-07 20:05:33,590 [Worker-30: Building] INFO  o.a.m.s.f.DefaultMavenResourcesFiltering - skip non existing resourceDirectory C:\Users\priya\Downloads\dcobankpro\dcobankpro\src\test\resources
2024-10-07 20:08:19,009 [Worker-30: Building] INFO  o.a.m.s.f.DefaultMavenResourcesFiltering - Copying 1 resource from src\main\resources to target\classes
2024-10-07 20:08:19,015 [Worker-30: Building] INFO  o.a.m.s.f.DefaultMavenResourcesFiltering - Copying 0 resource from src\main\resources to target\classes
2024-10-07 20:08:19,018 [Worker-30: Building] INFO  o.a.m.s.f.DefaultMavenResourcesFiltering - skip non existing resourceDirectory C:\Users\priya\Downloads\dcobankpro\dcobankpro\src\test\resources
2024-10-07 20:08:34,961 [Worker-37: Building] INFO  o.a.m.s.f.DefaultMavenResourcesFiltering - Copying 1 resource from src\main\resources to target\classes
2024-10-07 20:08:34,970 [Worker-37: Building] INFO  o.a.m.s.f.DefaultMavenResourcesFiltering - Copying 0 resource from src\main\resources to target\classes
2024-10-07 20:08:34,974 [Worker-37: Building] INFO  o.a.m.s.f.DefaultMavenResourcesFiltering - skip non existing resourceDirectory C:\Users\priya\Downloads\dcobankpro\dcobankpro\src\test\resources
2024-10-07 20:09:43,865 [Worker-29: Building] INFO  o.a.m.s.f.DefaultMavenResourcesFiltering - Copying 1 resource from src\main\resources to target\classes
2024-10-07 20:09:43,873 [Worker-29: Building] INFO  o.a.m.s.f.DefaultMavenResourcesFiltering - Copying 0 resource from src\main\resources to target\classes
2024-10-07 20:09:43,880 [Worker-29: Building] INFO  o.a.m.s.f.DefaultMavenResourcesFiltering - skip non existing resourceDirectory C:\Users\priya\Downloads\dcobankpro\dcobankpro\src\test\resources
2024-10-07 20:10:34,057 [Worker-37: Building] INFO  o.a.m.s.f.DefaultMavenResourcesFiltering - Copying 1 resource from src\main\resources to target\classes
2024-10-07 20:10:34,064 [Worker-37: Building] INFO  o.a.m.s.f.DefaultMavenResourcesFiltering - Copying 0 resource from src\main\resources to target\classes
2024-10-07 20:10:34,068 [Worker-37: Building] INFO  o.a.m.s.f.DefaultMavenResourcesFiltering - skip non existing resourceDirectory C:\Users\priya\Downloads\dcobankpro\dcobankpro\src\test\resources
2024-10-07 20:11:03,701 [Worker-30: Building] INFO  o.a.m.s.f.DefaultMavenResourcesFiltering - Copying 1 resource from src\main\resources to target\classes
2024-10-07 20:11:03,708 [Worker-30: Building] INFO  o.a.m.s.f.DefaultMavenResourcesFiltering - Copying 0 resource from src\main\resources to target\classes
2024-10-07 20:11:03,712 [Worker-30: Building] INFO  o.a.m.s.f.DefaultMavenResourcesFiltering - skip non existing resourceDirectory C:\Users\priya\Downloads\dcobankpro\dcobankpro\src\test\resources
2024-10-08 18:04:41,577 [Worker-2: Loading available Gradle versions] INFO  o.e.b.c.i.u.g.PublishedGradleVersions - Gradle version information cache is up-to-date. Trying to read.
2024-10-08 18:19:44,294 [Worker-6: Building] INFO  o.a.m.s.f.DefaultMavenResourcesFiltering - Copying 1 resource from src\main\resources to target\classes
2024-10-08 18:19:44,380 [Worker-6: Building] INFO  o.a.m.s.f.DefaultMavenResourcesFiltering - Copying 0 resource from src\main\resources to target\classes
2024-10-08 18:19:44,398 [Worker-6: Building] INFO  o.a.m.s.f.DefaultMavenResourcesFiltering - skip non existing resourceDirectory C:\Users\priya\Downloads\dcobankpro\dcobankpro\src\test\resources
2024-10-08 18:22:25,079 [Worker-6: Building] INFO  o.a.m.s.f.DefaultMavenResourcesFiltering - Copying 1 resource from src\main\resources to target\classes
2024-10-08 18:22:25,094 [Worker-6: Building] INFO  o.a.m.s.f.DefaultMavenResourcesFiltering - Copying 0 resource from src\main\resources to target\classes
2024-10-08 18:22:25,101 [Worker-6: Building] INFO  o.a.m.s.f.DefaultMavenResourcesFiltering - skip non existing resourceDirectory C:\Users\priya\Downloads\dcobankpro\dcobankpro\src\test\resources
2024-10-08 18:37:22,022 [Worker-3: Building] INFO  o.a.m.s.f.DefaultMavenResourcesFiltering - Copying 1 resource from src\main\resources to target\classes
2024-10-08 18:37:22,040 [Worker-3: Building] INFO  o.a.m.s.f.DefaultMavenResourcesFiltering - Copying 0 resource from src\main\resources to target\classes
2024-10-08 18:37:22,051 [Worker-3: Building] INFO  o.a.m.s.f.DefaultMavenResourcesFiltering - skip non existing resourceDirectory C:\Users\priya\Downloads\dcobankpro\dcobankpro\src\test\resources
2024-10-08 18:37:57,521 [Worker-3: Building] INFO  o.a.m.s.f.DefaultMavenResourcesFiltering - Copying 1 resource from src\main\resources to target\classes
2024-10-08 18:37:57,530 [Worker-3: Building] INFO  o.a.m.s.f.DefaultMavenResourcesFiltering - Copying 0 resource from src\main\resources to target\classes
2024-10-08 18:37:57,535 [Worker-3: Building] INFO  o.a.m.s.f.DefaultMavenResourcesFiltering - skip non existing resourceDirectory C:\Users\priya\Downloads\dcobankpro\dcobankpro\src\test\resources
2024-10-08 18:38:09,072 [Worker-3: Building] INFO  o.a.m.s.f.DefaultMavenResourcesFiltering - Copying 1 resource from src\main\resources to target\classes
2024-10-08 18:38:09,078 [Worker-3: Building] INFO  o.a.m.s.f.DefaultMavenResourcesFiltering - Copying 0 resource from src\main\resources to target\classes
2024-10-08 18:38:09,081 [Worker-3: Building] INFO  o.a.m.s.f.DefaultMavenResourcesFiltering - skip non existing resourceDirectory C:\Users\priya\Downloads\dcobankpro\dcobankpro\src\test\resources
2024-10-08 18:38:21,226 [Worker-13: Building] INFO  o.a.m.s.f.DefaultMavenResourcesFiltering - Copying 1 resource from src\main\resources to target\classes
2024-10-08 18:38:21,234 [Worker-13: Building] INFO  o.a.m.s.f.DefaultMavenResourcesFiltering - Copying 0 resource from src\main\resources to target\classes
2024-10-08 18:38:21,240 [Worker-13: Building] INFO  o.a.m.s.f.DefaultMavenResourcesFiltering - skip non existing resourceDirectory C:\Users\priya\Downloads\dcobankpro\dcobankpro\src\test\resources
2024-10-08 18:43:02,005 [Worker-6: Building] INFO  o.a.m.s.f.DefaultMavenResourcesFiltering - Copying 1 resource from src\main\resources to target\classes
2024-10-08 18:43:02,017 [Worker-6: Building] INFO  o.a.m.s.f.DefaultMavenResourcesFiltering - Copying 0 resource from src\main\resources to target\classes
2024-10-08 18:43:02,029 [Worker-6: Building] INFO  o.a.m.s.f.DefaultMavenResourcesFiltering - skip non existing resourceDirectory C:\Users\priya\Downloads\dcobankpro\dcobankpro\src\test\resources
2024-10-08 18:52:17,022 [Worker-16: Building] INFO  o.a.m.s.f.DefaultMavenResourcesFiltering - Copying 1 resource from src\main\resources to target\classes
2024-10-08 18:52:17,032 [Worker-16: Building] INFO  o.a.m.s.f.DefaultMavenResourcesFiltering - Copying 0 resource from src\main\resources to target\classes
2024-10-08 18:52:17,038 [Worker-16: Building] INFO  o.a.m.s.f.DefaultMavenResourcesFiltering - skip non existing resourceDirectory C:\Users\priya\Downloads\dcobankpro\dcobankpro\src\test\resources
2024-10-08 18:55:40,287 [Worker-13: Building] INFO  o.a.m.s.f.DefaultMavenResourcesFiltering - Copying 1 resource from src\main\resources to target\classes
2024-10-08 18:55:40,296 [Worker-13: Building] INFO  o.a.m.s.f.DefaultMavenResourcesFiltering - Copying 0 resource from src\main\resources to target\classes
2024-10-08 18:55:40,301 [Worker-13: Building] INFO  o.a.m.s.f.DefaultMavenResourcesFiltering - skip non existing resourceDirectory C:\Users\priya\Downloads\dcobankpro\dcobankpro\src\test\resources
2024-10-08 18:56:46,140 [Worker-17: Building] INFO  o.a.m.s.f.DefaultMavenResourcesFiltering - Copying 1 resource from src\main\resources to target\classes
2024-10-08 18:56:46,150 [Worker-17: Building] INFO  o.a.m.s.f.DefaultMavenResourcesFiltering - Copying 0 resource from src\main\resources to target\classes
2024-10-08 18:56:46,158 [Worker-17: Building] INFO  o.a.m.s.f.DefaultMavenResourcesFiltering - skip non existing resourceDirectory C:\Users\priya\Downloads\dcobankpro\dcobankpro\src\test\resources
2024-10-08 18:59:47,662 [Worker-8: Building] INFO  o.a.m.s.f.DefaultMavenResourcesFiltering - Copying 1 resource from src\main\resources to target\classes
2024-10-08 18:59:47,673 [Worker-8: Building] INFO  o.a.m.s.f.DefaultMavenResourcesFiltering - Copying 0 resource from src\main\resources to target\classes
2024-10-08 18:59:47,680 [Worker-8: Building] INFO  o.a.m.s.f.DefaultMavenResourcesFiltering - skip non existing resourceDirectory C:\Users\priya\Downloads\dcobankpro\dcobankpro\src\test\resources
2024-10-08 19:00:05,028 [Worker-17: Building] INFO  o.a.m.s.f.DefaultMavenResourcesFiltering - Copying 1 resource from src\main\resources to target\classes
2024-10-08 19:00:05,035 [Worker-17: Building] INFO  o.a.m.s.f.DefaultMavenResourcesFiltering - Copying 0 resource from src\main\resources to target\classes
2024-10-08 19:00:05,039 [Worker-17: Building] INFO  o.a.m.s.f.DefaultMavenResourcesFiltering - skip non existing resourceDirectory C:\Users\priya\Downloads\dcobankpro\dcobankpro\src\test\resources
2024-10-08 19:00:18,255 [Worker-8: Building] INFO  o.a.m.s.f.DefaultMavenResourcesFiltering - Copying 1 resource from src\main\resources to target\classes
2024-10-08 19:00:18,262 [Worker-8: Building] INFO  o.a.m.s.f.DefaultMavenResourcesFiltering - Copying 0 resource from src\main\resources to target\classes
2024-10-08 19:00:18,267 [Worker-8: Building] INFO  o.a.m.s.f.DefaultMavenResourcesFiltering - skip non existing resourceDirectory C:\Users\priya\Downloads\dcobankpro\dcobankpro\src\test\resources
2024-10-08 19:00:34,770 [Worker-14: Building] INFO  o.a.m.s.f.DefaultMavenResourcesFiltering - Copying 1 resource from src\main\resources to target\classes
2024-10-08 19:00:34,785 [Worker-14: Building] INFO  o.a.m.s.f.DefaultMavenResourcesFiltering - Copying 0 resource from src\main\resources to target\classes
2024-10-08 19:00:34,789 [Worker-14: Building] INFO  o.a.m.s.f.DefaultMavenResourcesFiltering - skip non existing resourceDirectory C:\Users\priya\Downloads\dcobankpro\dcobankpro\src\test\resources
2024-10-08 19:01:08,562 [Worker-17: Building] INFO  o.a.m.s.f.DefaultMavenResourcesFiltering - Copying 1 resource from src\main\resources to target\classes
2024-10-08 19:01:08,572 [Worker-17: Building] INFO  o.a.m.s.f.DefaultMavenResourcesFiltering - Copying 0 resource from src\main\resources to target\classes
2024-10-08 19:01:08,580 [Worker-17: Building] INFO  o.a.m.s.f.DefaultMavenResourcesFiltering - skip non existing resourceDirectory C:\Users\priya\Downloads\dcobankpro\dcobankpro\src\test\resources
2024-10-08 19:01:48,895 [Worker-17: Building] INFO  o.a.m.s.f.DefaultMavenResourcesFiltering - Copying 1 resource from src\main\resources to target\classes
2024-10-08 19:01:48,911 [Worker-17: Building] INFO  o.a.m.s.f.DefaultMavenResourcesFiltering - Copying 0 resource from src\main\resources to target\classes
2024-10-08 19:01:48,927 [Worker-17: Building] INFO  o.a.m.s.f.DefaultMavenResourcesFiltering - skip non existing resourceDirectory C:\Users\priya\Downloads\dcobankpro\dcobankpro\src\test\resources
2024-10-08 19:02:20,445 [Worker-14: Building] INFO  o.a.m.s.f.DefaultMavenResourcesFiltering - Copying 1 resource from src\main\resources to target\classes
2024-10-08 19:02:20,459 [Worker-14: Building] INFO  o.a.m.s.f.DefaultMavenResourcesFiltering - Copying 0 resource from src\main\resources to target\classes
2024-10-08 19:02:20,465 [Worker-14: Building] INFO  o.a.m.s.f.DefaultMavenResourcesFiltering - skip non existing resourceDirectory C:\Users\priya\Downloads\dcobankpro\dcobankpro\src\test\resources
2024-10-08 19:07:40,754 [Worker-19: Building] INFO  o.a.m.s.f.DefaultMavenResourcesFiltering - Copying 1 resource from src\main\resources to target\classes
2024-10-08 19:07:40,760 [Worker-19: Building] INFO  o.a.m.s.f.DefaultMavenResourcesFiltering - Copying 0 resource from src\main\resources to target\classes
2024-10-08 19:07:40,765 [Worker-19: Building] INFO  o.a.m.s.f.DefaultMavenResourcesFiltering - skip non existing resourceDirectory C:\Users\priya\Downloads\dcobankpro\dcobankpro\src\test\resources
2024-10-08 19:08:40,049 [Worker-18: Building] INFO  o.a.m.s.f.DefaultMavenResourcesFiltering - Copying 1 resource from src\main\resources to target\classes
2024-10-08 19:08:40,057 [Worker-18: Building] INFO  o.a.m.s.f.DefaultMavenResourcesFiltering - Copying 0 resource from src\main\resources to target\classes
2024-10-08 19:08:40,063 [Worker-18: Building] INFO  o.a.m.s.f.DefaultMavenResourcesFiltering - skip non existing resourceDirectory C:\Users\priya\Downloads\dcobankpro\dcobankpro\src\test\resources
2024-10-08 19:09:50,576 [Worker-14: Building] INFO  o.a.m.s.f.DefaultMavenResourcesFiltering - Copying 1 resource from src\main\resources to target\classes
2024-10-08 19:09:50,590 [Worker-14: Building] INFO  o.a.m.s.f.DefaultMavenResourcesFiltering - Copying 0 resource from src\main\resources to target\classes
2024-10-08 19:09:50,595 [Worker-14: Building] INFO  o.a.m.s.f.DefaultMavenResourcesFiltering - skip non existing resourceDirectory C:\Users\priya\Downloads\dcobankpro\dcobankpro\src\test\resources
2024-10-08 19:10:03,096 [Worker-19: Building] INFO  o.a.m.s.f.DefaultMavenResourcesFiltering - Copying 1 resource from src\main\resources to target\classes
2024-10-08 19:10:03,107 [Worker-19: Building] INFO  o.a.m.s.f.DefaultMavenResourcesFiltering - Copying 0 resource from src\main\resources to target\classes
2024-10-08 19:10:03,112 [Worker-19: Building] INFO  o.a.m.s.f.DefaultMavenResourcesFiltering - skip non existing resourceDirectory C:\Users\priya\Downloads\dcobankpro\dcobankpro\src\test\resources
2024-10-08 19:11:54,849 [Worker-14: Building] INFO  o.a.m.s.f.DefaultMavenResourcesFiltering - Copying 1 resource from src\main\resources to target\classes
2024-10-08 19:11:54,868 [Worker-14: Building] INFO  o.a.m.s.f.DefaultMavenResourcesFiltering - Copying 0 resource from src\main\resources to target\classes
2024-10-08 19:11:54,872 [Worker-14: Building] INFO  o.a.m.s.f.DefaultMavenResourcesFiltering - skip non existing resourceDirectory C:\Users\priya\Downloads\dcobankpro\dcobankpro\src\test\resources
2024-10-09 18:21:31,767 [Worker-1: Loading available Gradle versions] INFO  o.e.b.c.i.u.g.PublishedGradleVersions - Gradle version information cache is out-of-date. Trying to update.
2024-10-09 18:54:59,944 [Worker-13: Building] INFO  o.a.m.s.f.DefaultMavenResourcesFiltering - Copying 1 resource from src\main\resources to target\classes
2024-10-09 18:54:59,981 [Worker-13: Building] INFO  o.a.m.s.f.DefaultMavenResourcesFiltering - Copying 0 resource from src\main\resources to target\classes
2024-10-09 18:54:59,991 [Worker-13: Building] INFO  o.a.m.s.f.DefaultMavenResourcesFiltering - skip non existing resourceDirectory C:\Users\priya\Downloads\dcobankpro\dcobankpro\src\test\resources
2024-10-09 19:00:14,949 [Worker-21: Building] INFO  o.a.m.s.f.DefaultMavenResourcesFiltering - Copying 1 resource from src\main\resources to target\classes
2024-10-09 19:00:14,960 [Worker-21: Building] INFO  o.a.m.s.f.DefaultMavenResourcesFiltering - Copying 0 resource from src\main\resources to target\classes
2024-10-09 19:00:14,966 [Worker-21: Building] INFO  o.a.m.s.f.DefaultMavenResourcesFiltering - skip non existing resourceDirectory C:\Users\priya\Downloads\dcobankpro\dcobankpro\src\test\resources
2024-10-09 19:00:36,543 [Worker-13: Launching DcobankproApplication] INFO  o.a.m.s.f.DefaultMavenResourcesFiltering - Copying 1 resource from src\main\resources to target\classes
2024-10-09 19:00:36,593 [Worker-13: Launching DcobankproApplication] INFO  o.a.m.s.f.DefaultMavenResourcesFiltering - Copying 0 resource from src\main\resources to target\classes
2024-10-09 19:00:36,603 [Worker-13: Launching DcobankproApplication] INFO  o.a.m.s.f.DefaultMavenResourcesFiltering - skip non existing resourceDirectory C:\Users\priya\Downloads\dcobankpro\dcobankpro\src\test\resources
2024-10-09 19:02:33,814 [Worker-23: Building] INFO  o.a.m.s.f.DefaultMavenResourcesFiltering - Copying 1 resource from src\main\resources to target\classes
2024-10-09 19:02:33,829 [Worker-23: Building] INFO  o.a.m.s.f.DefaultMavenResourcesFiltering - Copying 0 resource from src\main\resources to target\classes
2024-10-09 19:02:33,838 [Worker-23: Building] INFO  o.a.m.s.f.DefaultMavenResourcesFiltering - skip non existing resourceDirectory C:\Users\priya\Downloads\dcobankpro\dcobankpro\src\test\resources
2024-10-09 19:03:16,490 [Worker-21: Building] INFO  o.a.m.s.f.DefaultMavenResourcesFiltering - Copying 1 resource from src\main\resources to target\classes
2024-10-09 19:03:16,500 [Worker-21: Building] INFO  o.a.m.s.f.DefaultMavenResourcesFiltering - Copying 0 resource from src\main\resources to target\classes
2024-10-09 19:03:16,506 [Worker-21: Building] INFO  o.a.m.s.f.DefaultMavenResourcesFiltering - skip non existing resourceDirectory C:\Users\priya\Downloads\dcobankpro\dcobankpro\src\test\resources
2024-10-09 19:03:41,755 [Worker-17: Building] INFO  o.a.m.s.f.DefaultMavenResourcesFiltering - Copying 1 resource from src\main\resources to target\classes
2024-10-09 19:03:41,768 [Worker-17: Building] INFO  o.a.m.s.f.DefaultMavenResourcesFiltering - Copying 0 resource from src\main\resources to target\classes
2024-10-09 19:03:41,771 [Worker-17: Building] INFO  o.a.m.s.f.DefaultMavenResourcesFiltering - skip non existing resourceDirectory C:\Users\priya\Downloads\dcobankpro\dcobankpro\src\test\resources
2024-10-09 19:04:12,979 [Worker-21: Building] INFO  o.a.m.s.f.DefaultMavenResourcesFiltering - Copying 1 resource from src\main\resources to target\classes
2024-10-09 19:04:12,989 [Worker-21: Building] INFO  o.a.m.s.f.DefaultMavenResourcesFiltering - Copying 0 resource from src\main\resources to target\classes
2024-10-09 19:04:13,004 [Worker-21: Building] INFO  o.a.m.s.f.DefaultMavenResourcesFiltering - skip non existing resourceDirectory C:\Users\priya\Downloads\dcobankpro\dcobankpro\src\test\resources
2024-10-09 19:04:57,642 [Worker-17: Building] INFO  o.a.m.s.f.DefaultMavenResourcesFiltering - Copying 1 resource from src\main\resources to target\classes
2024-10-09 19:04:57,653 [Worker-17: Building] INFO  o.a.m.s.f.DefaultMavenResourcesFiltering - Copying 0 resource from src\main\resources to target\classes
2024-10-09 19:04:57,658 [Worker-17: Building] INFO  o.a.m.s.f.DefaultMavenResourcesFiltering - skip non existing resourceDirectory C:\Users\priya\Downloads\dcobankpro\dcobankpro\src\test\resources
2024-10-14 19:03:55,745 [Worker-1: Loading available Gradle versions] INFO  o.e.b.c.i.u.g.PublishedGradleVersions - Gradle version information cache is out-of-date. Trying to update.
2024-10-15 18:52:05,337 [Worker-1: Loading available Gradle versions] INFO  o.e.b.c.i.u.g.PublishedGradleVersions - Gradle version information cache is up-to-date. Trying to read.
2024-10-15 18:54:16,582 [Worker-1: Building] INFO  o.a.m.s.f.DefaultMavenResourcesFiltering - Copying 1 resource from src\main\resources to target\classes
2024-10-15 18:54:16,615 [Worker-1: Building] INFO  o.a.m.s.f.DefaultMavenResourcesFiltering - Copying 0 resource from src\main\resources to target\classes
2024-10-15 18:54:16,621 [Worker-1: Building] INFO  o.a.m.s.f.DefaultMavenResourcesFiltering - skip non existing resourceDirectory C:\Users\priya\Downloads\dcobankpro\dcobankpro\src\test\resources
2024-10-15 18:54:24,575 [Worker-10: Building] INFO  o.a.m.s.f.DefaultMavenResourcesFiltering - Copying 1 resource from src\main\resources to target\classes
2024-10-15 18:54:24,597 [Worker-10: Building] INFO  o.a.m.s.f.DefaultMavenResourcesFiltering - Copying 0 resource from src\main\resources to target\classes
2024-10-15 18:54:24,613 [Worker-10: Building] INFO  o.a.m.s.f.DefaultMavenResourcesFiltering - skip non existing resourceDirectory C:\Users\priya\Downloads\dcobankpro\dcobankpro\src\test\resources
2024-10-15 18:55:39,475 [Worker-5: Building] INFO  o.a.m.s.f.DefaultMavenResourcesFiltering - Copying 1 resource from src\main\resources to target\classes
2024-10-15 18:55:39,489 [Worker-5: Building] INFO  o.a.m.s.f.DefaultMavenResourcesFiltering - Copying 0 resource from src\main\resources to target\classes
2024-10-15 18:55:39,496 [Worker-5: Building] INFO  o.a.m.s.f.DefaultMavenResourcesFiltering - skip non existing resourceDirectory C:\Users\priya\Downloads\dcobankpro\dcobankpro\src\test\resources
2024-10-15 18:55:57,856 [Worker-4: Building] INFO  o.a.m.s.f.DefaultMavenResourcesFiltering - Copying 1 resource from src\main\resources to target\classes
2024-10-15 18:55:57,865 [Worker-4: Building] INFO  o.a.m.s.f.DefaultMavenResourcesFiltering - Copying 0 resource from src\main\resources to target\classes
2024-10-15 18:55:57,873 [Worker-4: Building] INFO  o.a.m.s.f.DefaultMavenResourcesFiltering - skip non existing resourceDirectory C:\Users\priya\Downloads\dcobankpro\dcobankpro\src\test\resources
2024-10-15 18:56:35,601 [Worker-1: Building] INFO  o.a.m.s.f.DefaultMavenResourcesFiltering - Copying 1 resource from src\main\resources to target\classes
2024-10-15 18:56:35,616 [Worker-1: Building] INFO  o.a.m.s.f.DefaultMavenResourcesFiltering - Copying 0 resource from src\main\resources to target\classes
2024-10-15 18:56:35,624 [Worker-1: Building] INFO  o.a.m.s.f.DefaultMavenResourcesFiltering - skip non existing resourceDirectory C:\Users\priya\Downloads\dcobankpro\dcobankpro\src\test\resources
2024-10-15 19:01:07,449 [Worker-5: Building] INFO  o.a.m.s.f.DefaultMavenResourcesFiltering - Copying 1 resource from src\main\resources to target\classes
2024-10-15 19:01:07,463 [Worker-5: Building] INFO  o.a.m.s.f.DefaultMavenResourcesFiltering - Copying 0 resource from src\main\resources to target\classes
2024-10-15 19:01:07,470 [Worker-5: Building] INFO  o.a.m.s.f.DefaultMavenResourcesFiltering - skip non existing resourceDirectory C:\Users\priya\Downloads\dcobankpro\dcobankpro\src\test\resources
2024-10-15 19:01:19,269 [Worker-5: Building] INFO  o.a.m.s.f.DefaultMavenResourcesFiltering - Copying 1 resource from src\main\resources to target\classes
2024-10-15 19:01:19,281 [Worker-5: Building] INFO  o.a.m.s.f.DefaultMavenResourcesFiltering - Copying 0 resource from src\main\resources to target\classes
2024-10-15 19:01:19,285 [Worker-5: Building] INFO  o.a.m.s.f.DefaultMavenResourcesFiltering - skip non existing resourceDirectory C:\Users\priya\Downloads\dcobankpro\dcobankpro\src\test\resources
2024-10-15 19:55:21,571 [Worker-18: Importing Maven projects] INFO  o.e.m.c.i.l.LifecycleMappingFactory - Using org.eclipse.m2e.jdt.JarLifecycleMapping lifecycle mapping for MavenProject: com.ibm:expensetracker:0.0.1-SNAPSHOT @ D:\AdvanceJavaWorkspace\springbootworkspace\expensetracker\expensetracker\pom.xml.
2024-10-15 19:55:24,099 [Worker-18: Importing Maven projects] INFO  o.e.m.j.i.AbstractJavaProjectConfigurator - Adding source folder /expensetracker/src/main/java
2024-10-15 19:55:24,101 [Worker-18: Importing Maven projects] INFO  o.e.m.j.i.AbstractJavaProjectConfigurator - Adding resource folder /expensetracker/src/main/resources
2024-10-15 19:55:24,109 [Worker-18: Importing Maven projects] INFO  o.e.m.j.i.AbstractJavaProjectConfigurator - Adding resource folder /expensetracker/src/main/resources
2024-10-15 19:55:24,113 [Worker-18: Importing Maven projects] INFO  o.e.m.j.i.AbstractJavaProjectConfigurator - Adding source folder /expensetracker/src/test/java
2024-10-15 19:55:24,115 [Worker-18: Importing Maven projects] INFO  o.e.m.j.i.AbstractJavaProjectConfigurator - Adding resource folder /expensetracker/src/test/resources
2024-10-15 19:55:24,121 [Worker-18: Importing Maven projects] ERROR o.e.m.j.i.AbstractJavaProjectConfigurator - Failed to find a compatible VM for environment id 'JavaSE-21', falling back to workspace default
2024-10-15 19:55:24,582 [Worker-18: Importing Maven projects] INFO  o.e.m.c.i.p.ProjectConfigurationManager - Imported and configured 1 project(s) in 5 sec
2024-10-15 19:55:26,022 [Worker-23: Building] INFO  o.a.m.s.f.DefaultMavenResourcesFiltering - Copying 1 resource from src\main\resources to target\classes
2024-10-15 19:55:26,056 [Worker-23: Building] INFO  o.a.m.s.f.DefaultMavenResourcesFiltering - Copying 0 resource from src\main\resources to target\classes
2024-10-15 19:55:26,065 [Worker-23: Building] INFO  o.a.m.s.f.DefaultMavenResourcesFiltering - skip non existing resourceDirectory D:\AdvanceJavaWorkspace\springbootworkspace\expensetracker\expensetracker\src\test\resources
2024-10-17 18:06:39,536 [Worker-1: Loading available Gradle versions] INFO  o.e.b.c.i.u.g.PublishedGradleVersions - Gradle version information cache is out-of-date. Trying to update.
2024-10-17 18:07:19,900 [Worker-3: Building] INFO  o.a.m.s.f.DefaultMavenResourcesFiltering - Copying 1 resource from src\main\resources to target\classes
2024-10-17 18:07:20,016 [Worker-3: Building] INFO  o.a.m.s.f.DefaultMavenResourcesFiltering - Copying 0 resource from src\main\resources to target\classes
2024-10-17 18:07:20,037 [Worker-3: Building] INFO  o.a.m.s.f.DefaultMavenResourcesFiltering - skip non existing resourceDirectory D:\AdvanceJavaWorkspace\springbootworkspace\expensetracker\expensetracker\src\test\resources
2024-10-17 18:09:19,346 [Worker-0: Building] INFO  o.a.m.s.f.DefaultMavenResourcesFiltering - Copying 1 resource from src\main\resources to target\classes
2024-10-17 18:09:19,357 [Worker-0: Building] INFO  o.a.m.s.f.DefaultMavenResourcesFiltering - Copying 0 resource from src\main\resources to target\classes
2024-10-17 18:09:19,365 [Worker-0: Building] INFO  o.a.m.s.f.DefaultMavenResourcesFiltering - skip non existing resourceDirectory D:\AdvanceJavaWorkspace\springbootworkspace\expensetracker\expensetracker\src\test\resources
2024-10-17 18:15:06,062 [Worker-2: Building] INFO  o.a.m.s.f.DefaultMavenResourcesFiltering - Copying 1 resource from src\main\resources to target\classes
2024-10-17 18:15:06,076 [Worker-2: Building] INFO  o.a.m.s.f.DefaultMavenResourcesFiltering - Copying 0 resource from src\main\resources to target\classes
2024-10-17 18:15:06,082 [Worker-2: Building] INFO  o.a.m.s.f.DefaultMavenResourcesFiltering - skip non existing resourceDirectory D:\AdvanceJavaWorkspace\springbootworkspace\expensetracker\expensetracker\src\test\resources
2024-10-17 18:23:59,799 [Worker-18: Building] INFO  o.a.m.s.f.DefaultMavenResourcesFiltering - Copying 1 resource from src\main\resources to target\classes
2024-10-17 18:23:59,809 [Worker-18: Building] INFO  o.a.m.s.f.DefaultMavenResourcesFiltering - Copying 0 resource from src\main\resources to target\classes
2024-10-17 18:23:59,815 [Worker-18: Building] INFO  o.a.m.s.f.DefaultMavenResourcesFiltering - skip non existing resourceDirectory D:\AdvanceJavaWorkspace\springbootworkspace\expensetracker\expensetracker\src\test\resources
2024-10-17 18:25:47,490 [Worker-17: Building] INFO  o.a.m.s.f.DefaultMavenResourcesFiltering - Copying 1 resource from src\main\resources to target\classes
2024-10-17 18:25:47,505 [Worker-17: Building] INFO  o.a.m.s.f.DefaultMavenResourcesFiltering - Copying 0 resource from src\main\resources to target\classes
2024-10-17 18:25:47,510 [Worker-17: Building] INFO  o.a.m.s.f.DefaultMavenResourcesFiltering - skip non existing resourceDirectory D:\AdvanceJavaWorkspace\springbootworkspace\expensetracker\expensetracker\src\test\resources
2024-10-17 18:28:45,869 [Worker-23: Building] INFO  o.a.m.s.f.DefaultMavenResourcesFiltering - Copying 1 resource from src\main\resources to target\classes
2024-10-17 18:28:45,877 [Worker-23: Building] INFO  o.a.m.s.f.DefaultMavenResourcesFiltering - Copying 0 resource from src\main\resources to target\classes
2024-10-17 18:28:45,886 [Worker-23: Building] INFO  o.a.m.s.f.DefaultMavenResourcesFiltering - skip non existing resourceDirectory D:\AdvanceJavaWorkspace\springbootworkspace\expensetracker\expensetracker\src\test\resources
2024-10-17 18:35:35,650 [Worker-23: Building] INFO  o.a.m.s.f.DefaultMavenResourcesFiltering - Copying 1 resource from src\main\resources to target\classes
2024-10-17 18:35:35,662 [Worker-23: Building] INFO  o.a.m.s.f.DefaultMavenResourcesFiltering - Copying 0 resource from src\main\resources to target\classes
2024-10-17 18:35:35,670 [Worker-23: Building] INFO  o.a.m.s.f.DefaultMavenResourcesFiltering - skip non existing resourceDirectory D:\AdvanceJavaWorkspace\springbootworkspace\expensetracker\expensetracker\src\test\resources
2024-10-17 18:44:51,925 [Worker-25: Building] INFO  o.a.m.s.f.DefaultMavenResourcesFiltering - Copying 1 resource from src\main\resources to target\classes
2024-10-17 18:44:51,937 [Worker-25: Building] INFO  o.a.m.s.f.DefaultMavenResourcesFiltering - Copying 0 resource from src\main\resources to target\classes
2024-10-17 18:44:51,943 [Worker-25: Building] INFO  o.a.m.s.f.DefaultMavenResourcesFiltering - skip non existing resourceDirectory D:\AdvanceJavaWorkspace\springbootworkspace\expensetracker\expensetracker\src\test\resources
2024-10-17 18:55:14,019 [Worker-26: Building] INFO  o.a.m.s.f.DefaultMavenResourcesFiltering - Copying 1 resource from src\main\resources to target\classes
2024-10-17 18:55:14,029 [Worker-26: Building] INFO  o.a.m.s.f.DefaultMavenResourcesFiltering - Copying 0 resource from src\main\resources to target\classes
2024-10-17 18:55:14,033 [Worker-26: Building] INFO  o.a.m.s.f.DefaultMavenResourcesFiltering - skip non existing resourceDirectory D:\AdvanceJavaWorkspace\springbootworkspace\expensetracker\expensetracker\src\test\resources
2024-10-17 19:05:36,649 [Worker-31: Building] INFO  o.a.m.s.f.DefaultMavenResourcesFiltering - Copying 1 resource from src\main\resources to target\classes
2024-10-17 19:05:36,661 [Worker-31: Building] INFO  o.a.m.s.f.DefaultMavenResourcesFiltering - Copying 0 resource from src\main\resources to target\classes
2024-10-17 19:05:36,665 [Worker-31: Building] INFO  o.a.m.s.f.DefaultMavenResourcesFiltering - skip non existing resourceDirectory D:\AdvanceJavaWorkspace\springbootworkspace\expensetracker\expensetracker\src\test\resources
2024-10-17 19:09:42,636 [Worker-33: Building] INFO  o.a.m.s.f.DefaultMavenResourcesFiltering - Copying 1 resource from src\main\resources to target\classes
2024-10-17 19:09:42,643 [Worker-33: Building] INFO  o.a.m.s.f.DefaultMavenResourcesFiltering - Copying 0 resource from src\main\resources to target\classes
2024-10-17 19:09:42,648 [Worker-33: Building] INFO  o.a.m.s.f.DefaultMavenResourcesFiltering - skip non existing resourceDirectory D:\AdvanceJavaWorkspace\springbootworkspace\expensetracker\expensetracker\src\test\resources
2024-10-17 19:10:44,001 [Worker-32: Launching ExpensetrackerApplication] INFO  o.a.m.s.f.DefaultMavenResourcesFiltering - Copying 1 resource from src\main\resources to target\classes
2024-10-17 19:10:44,010 [Worker-32: Launching ExpensetrackerApplication] INFO  o.a.m.s.f.DefaultMavenResourcesFiltering - Copying 0 resource from src\main\resources to target\classes
2024-10-17 19:10:44,014 [Worker-32: Launching ExpensetrackerApplication] INFO  o.a.m.s.f.DefaultMavenResourcesFiltering - skip non existing resourceDirectory D:\AdvanceJavaWorkspace\springbootworkspace\expensetracker\expensetracker\src\test\resources
2024-10-18 18:31:15,214 [Worker-0: Loading available Gradle versions] INFO  o.e.b.c.i.u.g.PublishedGradleVersions - Gradle version information cache is out-of-date. Trying to update.
2024-10-18 18:54:50,536 [Worker-15: Building] INFO  o.a.m.s.f.DefaultMavenResourcesFiltering - Copying 1 resource from src\main\resources to target\classes
2024-10-18 18:54:50,606 [Worker-15: Building] INFO  o.a.m.s.f.DefaultMavenResourcesFiltering - Copying 0 resource from src\main\resources to target\classes
2024-10-18 18:54:50,617 [Worker-15: Building] INFO  o.a.m.s.f.DefaultMavenResourcesFiltering - skip non existing resourceDirectory D:\AdvanceJavaWorkspace\springbootworkspace\expensetracker\expensetracker\src\test\resources
2024-10-18 18:59:34,241 [Worker-17: Building] INFO  o.a.m.s.f.DefaultMavenResourcesFiltering - Copying 1 resource from src\main\resources to target\classes
2024-10-18 18:59:34,251 [Worker-17: Building] INFO  o.a.m.s.f.DefaultMavenResourcesFiltering - Copying 0 resource from src\main\resources to target\classes
2024-10-18 18:59:34,257 [Worker-17: Building] INFO  o.a.m.s.f.DefaultMavenResourcesFiltering - skip non existing resourceDirectory D:\AdvanceJavaWorkspace\springbootworkspace\expensetracker\expensetracker\src\test\resources
2024-10-18 19:01:51,253 [Worker-17: Building] INFO  o.a.m.s.f.DefaultMavenResourcesFiltering - Copying 1 resource from src\main\resources to target\classes
2024-10-18 19:01:51,265 [Worker-17: Building] INFO  o.a.m.s.f.DefaultMavenResourcesFiltering - Copying 0 resource from src\main\resources to target\classes
2024-10-18 19:01:51,271 [Worker-17: Building] INFO  o.a.m.s.f.DefaultMavenResourcesFiltering - skip non existing resourceDirectory D:\AdvanceJavaWorkspace\springbootworkspace\expensetracker\expensetracker\src\test\resources
2024-10-18 19:02:41,364 [Worker-20: Building] INFO  o.a.m.s.f.DefaultMavenResourcesFiltering - Copying 1 resource from src\main\resources to target\classes
2024-10-18 19:02:41,373 [Worker-20: Building] INFO  o.a.m.s.f.DefaultMavenResourcesFiltering - Copying 0 resource from src\main\resources to target\classes
2024-10-18 19:02:41,382 [Worker-20: Building] INFO  o.a.m.s.f.DefaultMavenResourcesFiltering - skip non existing resourceDirectory D:\AdvanceJavaWorkspace\springbootworkspace\expensetracker\expensetracker\src\test\resources
2024-10-18 19:02:46,618 [Worker-17: Building] INFO  o.a.m.s.f.DefaultMavenResourcesFiltering - Copying 1 resource from src\main\resources to target\classes
2024-10-18 19:02:46,635 [Worker-17: Building] INFO  o.a.m.s.f.DefaultMavenResourcesFiltering - Copying 0 resource from src\main\resources to target\classes
2024-10-18 19:02:46,639 [Worker-17: Building] INFO  o.a.m.s.f.DefaultMavenResourcesFiltering - skip non existing resourceDirectory D:\AdvanceJavaWorkspace\springbootworkspace\expensetracker\expensetracker\src\test\resources
2024-10-18 19:07:00,682 [Worker-20: Building] INFO  o.a.m.s.f.DefaultMavenResourcesFiltering - Copying 1 resource from src\main\resources to target\classes
2024-10-18 19:07:00,696 [Worker-20: Building] INFO  o.a.m.s.f.DefaultMavenResourcesFiltering - Copying 0 resource from src\main\resources to target\classes
2024-10-18 19:07:00,704 [Worker-20: Building] INFO  o.a.m.s.f.DefaultMavenResourcesFiltering - skip non existing resourceDirectory D:\AdvanceJavaWorkspace\springbootworkspace\expensetracker\expensetracker\src\test\resources
2024-10-18 19:13:28,852 [Worker-25: Building] INFO  o.a.m.s.f.DefaultMavenResourcesFiltering - Copying 1 resource from src\main\resources to target\classes
2024-10-18 19:13:28,862 [Worker-25: Building] INFO  o.a.m.s.f.DefaultMavenResourcesFiltering - Copying 0 resource from src\main\resources to target\classes
2024-10-18 19:13:28,868 [Worker-25: Building] INFO  o.a.m.s.f.DefaultMavenResourcesFiltering - skip non existing resourceDirectory D:\AdvanceJavaWorkspace\springbootworkspace\expensetracker\expensetracker\src\test\resources
2024-10-18 19:13:38,888 [Worker-25: Building] INFO  o.a.m.s.f.DefaultMavenResourcesFiltering - Copying 1 resource from src\main\resources to target\classes
2024-10-18 19:13:38,896 [Worker-25: Building] INFO  o.a.m.s.f.DefaultMavenResourcesFiltering - Copying 0 resource from src\main\resources to target\classes
2024-10-18 19:13:38,902 [Worker-25: Building] INFO  o.a.m.s.f.DefaultMavenResourcesFiltering - skip non existing resourceDirectory D:\AdvanceJavaWorkspace\springbootworkspace\expensetracker\expensetracker\src\test\resources
2024-10-18 19:15:35,927 [Worker-23: Building] INFO  o.a.m.s.f.DefaultMavenResourcesFiltering - Copying 1 resource from src\main\resources to target\classes
2024-10-18 19:15:35,947 [Worker-23: Building] INFO  o.a.m.s.f.DefaultMavenResourcesFiltering - Copying 0 resource from src\main\resources to target\classes
2024-10-18 19:15:35,952 [Worker-23: Building] INFO  o.a.m.s.f.DefaultMavenResourcesFiltering - skip non existing resourceDirectory D:\AdvanceJavaWorkspace\springbootworkspace\expensetracker\expensetracker\src\test\resources
2024-10-18 19:17:16,219 [Worker-26: Building] INFO  o.a.m.s.f.DefaultMavenResourcesFiltering - Copying 1 resource from src\main\resources to target\classes
2024-10-18 19:17:16,229 [Worker-26: Building] INFO  o.a.m.s.f.DefaultMavenResourcesFiltering - Copying 0 resource from src\main\resources to target\classes
2024-10-18 19:17:16,237 [Worker-26: Building] INFO  o.a.m.s.f.DefaultMavenResourcesFiltering - skip non existing resourceDirectory D:\AdvanceJavaWorkspace\springbootworkspace\expensetracker\expensetracker\src\test\resources
2024-10-19 07:50:26,368 [Worker-31: Building] INFO  o.a.m.s.f.DefaultMavenResourcesFiltering - Copying 1 resource from src\main\resources to target\classes
2024-10-19 07:50:26,396 [Worker-31: Building] INFO  o.a.m.s.f.DefaultMavenResourcesFiltering - Copying 0 resource from src\main\resources to target\classes
2024-10-19 07:50:26,401 [Worker-31: Building] INFO  o.a.m.s.f.DefaultMavenResourcesFiltering - skip non existing resourceDirectory D:\AdvanceJavaWorkspace\springbootworkspace\expensetracker\expensetracker\src\test\resources
2024-10-19 19:36:34,261 [Worker-1: Loading available Gradle versions] INFO  o.e.b.c.i.u.g.PublishedGradleVersions - Gradle version information cache is out-of-date. Trying to update.
2024-10-19 19:56:04,010 [Worker-4: Building] INFO  o.a.m.s.f.DefaultMavenResourcesFiltering - Copying 1 resource from src\main\resources to target\classes
2024-10-19 19:56:04,073 [Worker-4: Building] INFO  o.a.m.s.f.DefaultMavenResourcesFiltering - Copying 0 resource from src\main\resources to target\classes
2024-10-19 19:56:04,088 [Worker-4: Building] INFO  o.a.m.s.f.DefaultMavenResourcesFiltering - skip non existing resourceDirectory D:\AdvanceJavaWorkspace\springbootworkspace\expensetracker\expensetracker\src\test\resources
2024-10-19 20:03:39,713 [Worker-18: Building] INFO  o.a.m.s.f.DefaultMavenResourcesFiltering - Copying 1 resource from src\main\resources to target\classes
2024-10-19 20:03:39,727 [Worker-18: Building] INFO  o.a.m.s.f.DefaultMavenResourcesFiltering - Copying 0 resource from src\main\resources to target\classes
2024-10-19 20:03:39,731 [Worker-18: Building] INFO  o.a.m.s.f.DefaultMavenResourcesFiltering - skip non existing resourceDirectory D:\AdvanceJavaWorkspace\springbootworkspace\expensetracker\expensetracker\src\test\resources
2024-10-19 20:11:08,565 [Worker-21: Building] INFO  o.a.m.s.f.DefaultMavenResourcesFiltering - Copying 1 resource from src\main\resources to target\classes
2024-10-19 20:11:08,576 [Worker-21: Building] INFO  o.a.m.s.f.DefaultMavenResourcesFiltering - Copying 0 resource from src\main\resources to target\classes
2024-10-19 20:11:08,584 [Worker-21: Building] INFO  o.a.m.s.f.DefaultMavenResourcesFiltering - skip non existing resourceDirectory D:\AdvanceJavaWorkspace\springbootworkspace\expensetracker\expensetracker\src\test\resources
2024-10-19 20:15:55,097 [Worker-18: Building] INFO  o.a.m.s.f.DefaultMavenResourcesFiltering - Copying 1 resource from src\main\resources to target\classes
2024-10-19 20:15:55,108 [Worker-18: Building] INFO  o.a.m.s.f.DefaultMavenResourcesFiltering - Copying 0 resource from src\main\resources to target\classes
2024-10-19 20:15:55,116 [Worker-18: Building] INFO  o.a.m.s.f.DefaultMavenResourcesFiltering - skip non existing resourceDirectory D:\AdvanceJavaWorkspace\springbootworkspace\expensetracker\expensetracker\src\test\resources
2024-10-19 20:16:08,719 [Worker-24: Building] INFO  o.a.m.s.f.DefaultMavenResourcesFiltering - Copying 1 resource from src\main\resources to target\classes
2024-10-19 20:16:08,726 [Worker-24: Building] INFO  o.a.m.s.f.DefaultMavenResourcesFiltering - Copying 0 resource from src\main\resources to target\classes
2024-10-19 20:16:08,731 [Worker-24: Building] INFO  o.a.m.s.f.DefaultMavenResourcesFiltering - skip non existing resourceDirectory D:\AdvanceJavaWorkspace\springbootworkspace\expensetracker\expensetracker\src\test\resources
2024-10-19 20:16:35,325 [Worker-22: Building] INFO  o.a.m.s.f.DefaultMavenResourcesFiltering - Copying 1 resource from src\main\resources to target\classes
2024-10-19 20:16:35,334 [Worker-22: Building] INFO  o.a.m.s.f.DefaultMavenResourcesFiltering - Copying 0 resource from src\main\resources to target\classes
2024-10-19 20:16:35,340 [Worker-22: Building] INFO  o.a.m.s.f.DefaultMavenResourcesFiltering - skip non existing resourceDirectory D:\AdvanceJavaWorkspace\springbootworkspace\expensetracker\expensetracker\src\test\resources
2024-10-19 20:17:25,940 [Worker-22: Building] INFO  o.a.m.s.f.DefaultMavenResourcesFiltering - Copying 1 resource from src\main\resources to target\classes
2024-10-19 20:17:25,949 [Worker-22: Building] INFO  o.a.m.s.f.DefaultMavenResourcesFiltering - Copying 0 resource from src\main\resources to target\classes
2024-10-19 20:17:25,954 [Worker-22: Building] INFO  o.a.m.s.f.DefaultMavenResourcesFiltering - skip non existing resourceDirectory D:\AdvanceJavaWorkspace\springbootworkspace\expensetracker\expensetracker\src\test\resources
2024-10-19 20:18:54,586 [Worker-23: Building] INFO  o.a.m.s.f.DefaultMavenResourcesFiltering - Copying 1 resource from src\main\resources to target\classes
2024-10-19 20:18:54,594 [Worker-23: Building] INFO  o.a.m.s.f.DefaultMavenResourcesFiltering - Copying 0 resource from src\main\resources to target\classes
2024-10-19 20:18:54,602 [Worker-23: Building] INFO  o.a.m.s.f.DefaultMavenResourcesFiltering - skip non existing resourceDirectory D:\AdvanceJavaWorkspace\springbootworkspace\expensetracker\expensetracker\src\test\resources
2024-10-19 20:18:57,861 [Worker-22: Building] INFO  o.a.m.s.f.DefaultMavenResourcesFiltering - Copying 1 resource from src\main\resources to target\classes
2024-10-19 20:18:57,871 [Worker-22: Building] INFO  o.a.m.s.f.DefaultMavenResourcesFiltering - Copying 0 resource from src\main\resources to target\classes
2024-10-19 20:18:57,878 [Worker-22: Building] INFO  o.a.m.s.f.DefaultMavenResourcesFiltering - skip non existing resourceDirectory D:\AdvanceJavaWorkspace\springbootworkspace\expensetracker\expensetracker\src\test\resources
2024-10-19 20:19:12,672 [Worker-18: Building] INFO  o.a.m.s.f.DefaultMavenResourcesFiltering - Copying 1 resource from src\main\resources to target\classes
2024-10-19 20:19:12,680 [Worker-18: Building] INFO  o.a.m.s.f.DefaultMavenResourcesFiltering - Copying 0 resource from src\main\resources to target\classes
2024-10-19 20:19:12,687 [Worker-18: Building] INFO  o.a.m.s.f.DefaultMavenResourcesFiltering - skip non existing resourceDirectory D:\AdvanceJavaWorkspace\springbootworkspace\expensetracker\expensetracker\src\test\resources
2024-10-21 19:03:20,439 [Worker-1: Loading available Gradle versions] INFO  o.e.b.c.i.u.g.PublishedGradleVersions - Gradle version information cache is out-of-date. Trying to update.
2024-10-21 19:13:39,342 [Worker-15: Building] INFO  o.a.m.s.f.DefaultMavenResourcesFiltering - Copying 1 resource from src\main\resources to target\classes
2024-10-21 19:13:39,444 [Worker-15: Building] INFO  o.a.m.s.f.DefaultMavenResourcesFiltering - Copying 0 resource from src\main\resources to target\classes
2024-10-21 19:13:39,460 [Worker-15: Building] INFO  o.a.m.s.f.DefaultMavenResourcesFiltering - skip non existing resourceDirectory D:\AdvanceJavaWorkspace\springbootworkspace\expensetracker\expensetracker\src\test\resources
2024-10-21 19:14:05,496 [Worker-14: Building] INFO  o.a.m.s.f.DefaultMavenResourcesFiltering - Copying 1 resource from src\main\resources to target\classes
2024-10-21 19:14:05,509 [Worker-14: Building] INFO  o.a.m.s.f.DefaultMavenResourcesFiltering - Copying 0 resource from src\main\resources to target\classes
2024-10-21 19:14:05,521 [Worker-14: Building] INFO  o.a.m.s.f.DefaultMavenResourcesFiltering - skip non existing resourceDirectory D:\AdvanceJavaWorkspace\springbootworkspace\expensetracker\expensetracker\src\test\resources
2024-10-21 19:21:53,312 [Worker-18: Launching ExpensetrackerApplication] INFO  o.a.m.s.f.DefaultMavenResourcesFiltering - Copying 1 resource from src\main\resources to target\classes
2024-10-21 19:21:53,333 [Worker-18: Launching ExpensetrackerApplication] INFO  o.a.m.s.f.DefaultMavenResourcesFiltering - Copying 0 resource from src\main\resources to target\classes
2024-10-21 19:21:53,337 [Worker-18: Launching ExpensetrackerApplication] INFO  o.a.m.s.f.DefaultMavenResourcesFiltering - skip non existing resourceDirectory D:\AdvanceJavaWorkspace\springbootworkspace\expensetracker\expensetracker\src\test\resources
2024-10-21 19:36:28,868 [Worker-22: Building] INFO  o.a.m.s.f.DefaultMavenResourcesFiltering - Copying 1 resource from src\main\resources to target\classes
2024-10-21 19:36:28,878 [Worker-22: Building] INFO  o.a.m.s.f.DefaultMavenResourcesFiltering - Copying 0 resource from src\main\resources to target\classes
2024-10-21 19:36:28,888 [Worker-22: Building] INFO  o.a.m.s.f.DefaultMavenResourcesFiltering - skip non existing resourceDirectory D:\AdvanceJavaWorkspace\springbootworkspace\expensetracker\expensetracker\src\test\resources
2024-10-21 19:40:57,492 [Worker-24: Building] INFO  o.a.m.s.f.DefaultMavenResourcesFiltering - Copying 1 resource from src\main\resources to target\classes
2024-10-21 19:40:57,502 [Worker-24: Building] INFO  o.a.m.s.f.DefaultMavenResourcesFiltering - Copying 0 resource from src\main\resources to target\classes
2024-10-21 19:40:57,507 [Worker-24: Building] INFO  o.a.m.s.f.DefaultMavenResourcesFiltering - skip non existing resourceDirectory D:\AdvanceJavaWorkspace\springbootworkspace\expensetracker\expensetracker\src\test\resources
2024-10-21 19:46:10,867 [Worker-25: Launching ExpensetrackerApplication] INFO  o.a.m.s.f.DefaultMavenResourcesFiltering - Copying 1 resource from src\main\resources to target\classes
2024-10-21 19:46:10,876 [Worker-25: Launching ExpensetrackerApplication] INFO  o.a.m.s.f.DefaultMavenResourcesFiltering - Copying 0 resource from src\main\resources to target\classes
2024-10-21 19:46:10,885 [Worker-25: Launching ExpensetrackerApplication] INFO  o.a.m.s.f.DefaultMavenResourcesFiltering - skip non existing resourceDirectory D:\AdvanceJavaWorkspace\springbootworkspace\expensetracker\expensetracker\src\test\resources
2024-10-21 19:57:20,698 [Worker-28: Building] INFO  o.a.m.s.f.DefaultMavenResourcesFiltering - Copying 1 resource from src\main\resources to target\classes
2024-10-21 19:57:20,709 [Worker-28: Building] INFO  o.a.m.s.f.DefaultMavenResourcesFiltering - Copying 0 resource from src\main\resources to target\classes
2024-10-21 19:57:20,718 [Worker-28: Building] INFO  o.a.m.s.f.DefaultMavenResourcesFiltering - skip non existing resourceDirectory D:\AdvanceJavaWorkspace\springbootworkspace\expensetracker\expensetracker\src\test\resources
2024-10-21 20:05:58,730 [Worker-2: Loading available Gradle versions] INFO  o.e.b.c.i.u.g.PublishedGradleVersions - Gradle version information cache is up-to-date. Trying to read.
